"year","race","dollar_type","number","income_quintile","income_dollars"
2019,"All Races","2019 Dollars",128451000,"Lowest",28084
2019,"All Races","2019 Dollars",128451000,"Second",53503
2019,"All Races","2019 Dollars",128451000,"Third",86488
2019,"All Races","2019 Dollars",128451000,"Fourth",142501
2019,"All Races","2019 Dollars",128451000,"Top 5%",270002
2018,"All Races","2019 Dollars",128579000,"Lowest",26064
2018,"All Races","2019 Dollars",128579000,"Second",50906
2018,"All Races","2019 Dollars",128579000,"Third",80983
2018,"All Races","2019 Dollars",128579000,"Fourth",132355
2018,"All Races","2019 Dollars",128579000,"Top 5%",253234
2017,"All Races","2019 Dollars",127586000,"Lowest",25696
2017,"All Races","2019 Dollars",127586000,"Second",49133
2017,"All Races","2019 Dollars",127586000,"Third",80882
2017,"All Races","2019 Dollars",127586000,"Fourth",132302
2017,"All Races","2019 Dollars",127586000,"Top 5%",247211
2016,"All Races","2019 Dollars",126224000,"Lowest",25571
2016,"All Races","2019 Dollars",126224000,"Second",48581
2016,"All Races","2019 Dollars",126224000,"Third",79763
2016,"All Races","2019 Dollars",126224000,"Fourth",128928
2016,"All Races","2019 Dollars",126224000,"Top 5%",239975
2015,"All Races","2019 Dollars",125819000,"Lowest",24604
2015,"All Races","2019 Dollars",125819000,"Second",46953
2015,"All Races","2019 Dollars",125819000,"Third",77697
2015,"All Races","2019 Dollars",125819000,"Fourth",126258
2015,"All Races","2019 Dollars",125819000,"Top 5%",231427
2014,"All Races","2019 Dollars",124587000,"Lowest",23167
2014,"All Races","2019 Dollars",124587000,"Second",44521
2014,"All Races","2019 Dollars",124587000,"Third",73735
2014,"All Races","2019 Dollars",124587000,"Fourth",121351
2014,"All Races","2019 Dollars",124587000,"Top 5%",223293
2013,"All Races","2019 Dollars",123931000,"Lowest",23085
2013,"All Races","2019 Dollars",123931000,"Second",45109
2013,"All Races","2019 Dollars",123931000,"Third",73871
2013,"All Races","2019 Dollars",123931000,"Fourth",121175
2013,"All Races","2019 Dollars",123931000,"Top 5%",225491
2012,"All Races","2019 Dollars",122459000,"Lowest",22979
2012,"All Races","2019 Dollars",122459000,"Second",44359
2012,"All Races","2019 Dollars",122459000,"Third",72045
2012,"All Races","2019 Dollars",122459000,"Fourth",116125
2012,"All Races","2019 Dollars",122459000,"Top 5%",213245
2011,"All Races","2019 Dollars",121084000,"Lowest",23082
2011,"All Races","2019 Dollars",121084000,"Second",43881
2011,"All Races","2019 Dollars",121084000,"Third",71124
2011,"All Races","2019 Dollars",121084000,"Fourth",115720
2011,"All Races","2019 Dollars",121084000,"Top 5%",211888
2010,"All Races","2019 Dollars",119927000,"Lowest",23502
2010,"All Races","2019 Dollars",119927000,"Second",44654
2010,"All Races","2019 Dollars",119927000,"Third",72268
2010,"All Races","2019 Dollars",119927000,"Fourth",117543
2010,"All Races","2019 Dollars",119927000,"Top 5%",212087
2009,"All Races","2019 Dollars",117538000,"Lowest",24431
2009,"All Races","2019 Dollars",117538000,"Second",46047
2009,"All Races","2019 Dollars",117538000,"Third",73820
2009,"All Races","2019 Dollars",117538000,"Fourth",119448
2009,"All Races","2019 Dollars",117538000,"Top 5%",215008
2008,"All Races","2019 Dollars",117181000,"Lowest",24654
2008,"All Races","2019 Dollars",117181000,"Second",46423
2008,"All Races","2019 Dollars",117181000,"Third",74663
2008,"All Races","2019 Dollars",117181000,"Fourth",119318
2008,"All Races","2019 Dollars",117181000,"Top 5%",214259
2007,"All Races","2019 Dollars",116783000,"Lowest",25081
2007,"All Races","2019 Dollars",116783000,"Second",48329
2007,"All Races","2019 Dollars",116783000,"Third",76635
2007,"All Races","2019 Dollars",116783000,"Fourth",123605
2007,"All Races","2019 Dollars",116783000,"Top 5%",218780
2006,"All Races","2019 Dollars",116011000,"Lowest",25467
2006,"All Races","2019 Dollars",116011000,"Second",48015
2006,"All Races","2019 Dollars",116011000,"Third",76266
2006,"All Races","2019 Dollars",116011000,"Fourth",123337
2006,"All Races","2019 Dollars",116011000,"Top 5%",221187
2005,"All Races","2019 Dollars",114384000,"Lowest",25167
2005,"All Races","2019 Dollars",114384000,"Second",47243
2005,"All Races","2019 Dollars",114384000,"Third",75667
2005,"All Races","2019 Dollars",114384000,"Fourth",120345
2005,"All Races","2019 Dollars",114384000,"Top 5%",217842
2004,"All Races","2019 Dollars",113343000,"Lowest",25081
2004,"All Races","2019 Dollars",113343000,"Second",47046
2004,"All Races","2019 Dollars",113343000,"Third",74934
2004,"All Races","2019 Dollars",113343000,"Fourth",119397
2004,"All Races","2019 Dollars",113343000,"Top 5%",213217
2003,"All Races","2019 Dollars",112000000,"Lowest",25059
2003,"All Races","2019 Dollars",112000000,"Second",47376
2003,"All Races","2019 Dollars",112000000,"Third",75875
2003,"All Races","2019 Dollars",112000000,"Fourth",121042
2003,"All Races","2019 Dollars",112000000,"Top 5%",214753
2002,"All Races","2019 Dollars",111278000,"Lowest",25531
2002,"All Races","2019 Dollars",111278000,"Second",47564
2002,"All Races","2019 Dollars",111278000,"Third",75759
2002,"All Races","2019 Dollars",111278000,"Fourth",119728
2002,"All Races","2019 Dollars",111278000,"Top 5%",213761
2001,"All Races","2019 Dollars",109297000,"Lowest",26012
2001,"All Races","2019 Dollars",109297000,"Second",48223
2001,"All Races","2019 Dollars",109297000,"Third",76719
2001,"All Races","2019 Dollars",109297000,"Fourth",120868
2001,"All Races","2019 Dollars",109297000,"Top 5%",217850
2000,"All Races","2019 Dollars",108209000,"Lowest",26678
2000,"All Races","2019 Dollars",108209000,"Second",49128
2000,"All Races","2019 Dollars",108209000,"Third",77673
2000,"All Races","2019 Dollars",108209000,"Fourth",121728
2000,"All Races","2019 Dollars",108209000,"Top 5%",216193
1999,"All Races","2019 Dollars",106434000,"Lowest",26377
1999,"All Races","2019 Dollars",106434000,"Second",49133
1999,"All Races","2019 Dollars",106434000,"Third",77553
1999,"All Races","2019 Dollars",106434000,"Fourth",121958
1999,"All Races","2019 Dollars",106434000,"Top 5%",218573
1998,"All Races","2019 Dollars",103874000,"Lowest",25335
1998,"All Races","2019 Dollars",103874000,"Second",47802
1998,"All Races","2019 Dollars",103874000,"Third",75987
1998,"All Races","2019 Dollars",103874000,"Fourth",117902
1998,"All Races","2019 Dollars",103874000,"Top 5%",207820
1997,"All Races","2019 Dollars",102528000,"Lowest",24537
1997,"All Races","2019 Dollars",102528000,"Second",46525
1997,"All Races","2019 Dollars",102528000,"Third",73292
1997,"All Races","2019 Dollars",102528000,"Fourth",113922
1997,"All Races","2019 Dollars",102528000,"Top 5%",201634
1996,"All Races","2019 Dollars",101018000,"Lowest",24039
1996,"All Races","2019 Dollars",101018000,"Second",45187
1996,"All Races","2019 Dollars",101018000,"Third",71631
1996,"All Races","2019 Dollars",101018000,"Fourth",110712
1996,"All Races","2019 Dollars",101018000,"Top 5%",194582
1995,"All Races","2019 Dollars",99627000,"Lowest",24064
1995,"All Races","2019 Dollars",99627000,"Second",44976
1995,"All Races","2019 Dollars",99627000,"Third",70190
1995,"All Races","2019 Dollars",99627000,"Fourth",108829
1995,"All Races","2019 Dollars",99627000,"Top 5%",188835
1994,"All Races","2019 Dollars",98990000,"Lowest",22977
1994,"All Races","2019 Dollars",98990000,"Second",43126
1994,"All Races","2019 Dollars",98990000,"Third",68626
1994,"All Races","2019 Dollars",98990000,"Fourth",107544
1994,"All Races","2019 Dollars",98990000,"Top 5%",187944
1993,"All Races","2019 Dollars",97107000,"Lowest",22655
1993,"All Races","2019 Dollars",97107000,"Second",43117
1993,"All Races","2019 Dollars",97107000,"Third",67775
1993,"All Races","2019 Dollars",97107000,"Fourth",105350
1993,"All Races","2019 Dollars",97107000,"Top 5%",182815
1992,"All Races","2019 Dollars",96426000,"Lowest",22569
1992,"All Races","2019 Dollars",96426000,"Second",43238
1992,"All Races","2019 Dollars",96426000,"Third",67885
1992,"All Races","2019 Dollars",96426000,"Fourth",103899
1992,"All Races","2019 Dollars",96426000,"Top 5%",177360
1991,"All Races","2019 Dollars",95669000,"Lowest",23113
1991,"All Races","2019 Dollars",95669000,"Second",44057
1991,"All Races","2019 Dollars",95669000,"Third",68049
1991,"All Races","2019 Dollars",95669000,"Fourth",104192
1991,"All Races","2019 Dollars",95669000,"Top 5%",176961
1990,"All Races","2019 Dollars",94312000,"Lowest",23781
1990,"All Races","2019 Dollars",94312000,"Second",45016
1990,"All Races","2019 Dollars",94312000,"Third",68870
1990,"All Races","2019 Dollars",94312000,"Fourth",105026
1990,"All Races","2019 Dollars",94312000,"Top 5%",180256
1989,"All Races","2019 Dollars",93347000,"Lowest",24147
1989,"All Races","2019 Dollars",93347000,"Second",45915
1989,"All Races","2019 Dollars",93347000,"Third",70569
1989,"All Races","2019 Dollars",93347000,"Fourth",107221
1989,"All Races","2019 Dollars",93347000,"Top 5%",183159
1988,"All Races","2019 Dollars",92830000,"Lowest",23715
1988,"All Races","2019 Dollars",92830000,"Second",44797
1988,"All Races","2019 Dollars",92830000,"Third",69812
1988,"All Races","2019 Dollars",92830000,"Fourth",105414
1988,"All Races","2019 Dollars",92830000,"Top 5%",178436
1987,"All Races","2019 Dollars",91124000,"Lowest",23315
1987,"All Races","2019 Dollars",91124000,"Second",44256
1987,"All Races","2019 Dollars",91124000,"Third",69083
1987,"All Races","2019 Dollars",91124000,"Fourth",104408
1987,"All Races","2019 Dollars",91124000,"Top 5%",174710
1986,"All Races","2019 Dollars",89479000,"Lowest",22883
1986,"All Races","2019 Dollars",89479000,"Second",43769
1986,"All Races","2019 Dollars",89479000,"Third",67929
1986,"All Races","2019 Dollars",89479000,"Fourth",102682
1986,"All Races","2019 Dollars",89479000,"Top 5%",172185
1985,"All Races","2019 Dollars",88458000,"Lowest",22588
1985,"All Races","2019 Dollars",88458000,"Second",42499
1985,"All Races","2019 Dollars",88458000,"Third",65836
1985,"All Races","2019 Dollars",88458000,"Fourth",99017
1985,"All Races","2019 Dollars",88458000,"Top 5%",163606
1984,"All Races","2019 Dollars",86789000,"Lowest",22327
1984,"All Races","2019 Dollars",86789000,"Second",41786
1984,"All Races","2019 Dollars",86789000,"Third",64379
1984,"All Races","2019 Dollars",86789000,"Fourth",97251
1984,"All Races","2019 Dollars",86789000,"Top 5%",160988
1983,"All Races","2019 Dollars",85290000,"Lowest",21907
1983,"All Races","2019 Dollars",85290000,"Second",40734
1983,"All Races","2019 Dollars",85290000,"Third",62519
1983,"All Races","2019 Dollars",85290000,"Fourth",94482
1983,"All Races","2019 Dollars",85290000,"Top 5%",155447
1982,"All Races","2019 Dollars",83918000,"Lowest",21441
1982,"All Races","2019 Dollars",83918000,"Second",40779
1982,"All Races","2019 Dollars",83918000,"Third",62308
1982,"All Races","2019 Dollars",83918000,"Fourth",92913
1982,"All Races","2019 Dollars",83918000,"Top 5%",153372
1981,"All Races","2019 Dollars",83527000,"Lowest",21718
1981,"All Races","2019 Dollars",83527000,"Second",40600
1981,"All Races","2019 Dollars",83527000,"Third",62795
1981,"All Races","2019 Dollars",83527000,"Fourth",92839
1981,"All Races","2019 Dollars",83527000,"Top 5%",149409
1980,"All Races","2019 Dollars",82368000,"Lowest",22152
1980,"All Races","2019 Dollars",82368000,"Second",41542
1980,"All Races","2019 Dollars",82368000,"Third",63688
1980,"All Races","2019 Dollars",82368000,"Fourth",93251
1980,"All Races","2019 Dollars",82368000,"Top 5%",150070
1979,"All Races","2019 Dollars",80776000,"Lowest",23058
1979,"All Races","2019 Dollars",80776000,"Second",42822
1979,"All Races","2019 Dollars",80776000,"Third",65883
1979,"All Races","2019 Dollars",80776000,"Fourth",95525
1979,"All Races","2019 Dollars",80776000,"Top 5%",154355
1978,"All Races","2019 Dollars",77330000,"Lowest",22785
1978,"All Races","2019 Dollars",77330000,"Second",43081
1978,"All Races","2019 Dollars",77330000,"Third",65184
1978,"All Races","2019 Dollars",77330000,"Fourth",94803
1978,"All Races","2019 Dollars",77330000,"Top 5%",151664
1977,"All Races","2019 Dollars",76030000,"Lowest",22097
1977,"All Races","2019 Dollars",76030000,"Second",41619
1977,"All Races","2019 Dollars",76030000,"Third",63439
1977,"All Races","2019 Dollars",76030000,"Fourth",92487
1977,"All Races","2019 Dollars",76030000,"Top 5%",146438
1976,"All Races","2019 Dollars",74142000,"Lowest",22143
1976,"All Races","2019 Dollars",74142000,"Second",41255
1976,"All Races","2019 Dollars",74142000,"Third",62846
1976,"All Races","2019 Dollars",74142000,"Fourth",90417
1976,"All Races","2019 Dollars",74142000,"Top 5%",143390
1975,"All Races","2019 Dollars",72867000,"Lowest",21663
1975,"All Races","2019 Dollars",72867000,"Second",40657
1975,"All Races","2019 Dollars",72867000,"Third",61436
1975,"All Races","2019 Dollars",72867000,"Fourth",88211
1975,"All Races","2019 Dollars",72867000,"Top 5%",139201
1974,"All Races","2019 Dollars",71163000,"Lowest",22787
1974,"All Races","2019 Dollars",71163000,"Second",42268
1974,"All Races","2019 Dollars",71163000,"Third",62458
1974,"All Races","2019 Dollars",71163000,"Fourth",90646
1974,"All Races","2019 Dollars",71163000,"Top 5%",143473
1973,"All Races","2019 Dollars",69859000,"Lowest",22678
1973,"All Races","2019 Dollars",69859000,"Second",43607
1973,"All Races","2019 Dollars",69859000,"Third",64521
1973,"All Races","2019 Dollars",69859000,"Fourth",92898
1973,"All Races","2019 Dollars",69859000,"Top 5%",149311
1972,"All Races","2019 Dollars",68251000,"Lowest",22195
1972,"All Races","2019 Dollars",68251000,"Second",42747
1972,"All Races","2019 Dollars",68251000,"Third",63177
1972,"All Races","2019 Dollars",68251000,"Fourth",90426
1972,"All Races","2019 Dollars",68251000,"Top 5%",145531
1971,"All Races","2019 Dollars",66676000,"Lowest",21450
1971,"All Races","2019 Dollars",66676000,"Second",40890
1971,"All Races","2019 Dollars",66676000,"Third",60172
1971,"All Races","2019 Dollars",66676000,"Fourth",85799
1971,"All Races","2019 Dollars",66676000,"Top 5%",136251
1970,"All Races","2019 Dollars",64778000,"Lowest",21730
1970,"All Races","2019 Dollars",64778000,"Second",41627
1970,"All Races","2019 Dollars",64778000,"Third",60546
1970,"All Races","2019 Dollars",64778000,"Fourth",86383
1970,"All Races","2019 Dollars",64778000,"Top 5%",136548
1969,"All Races","2019 Dollars",63401000,"Lowest",22102
1969,"All Races","2019 Dollars",63401000,"Second",42410
1969,"All Races","2019 Dollars",63401000,"Third",61334
1969,"All Races","2019 Dollars",63401000,"Fourth",85933
1969,"All Races","2019 Dollars",63401000,"Top 5%",134773
1968,"All Races","2019 Dollars",62214000,"Lowest",21460
1968,"All Races","2019 Dollars",62214000,"Second",40685
1968,"All Races","2019 Dollars",62214000,"Third",58316
1968,"All Races","2019 Dollars",62214000,"Fourth",81939
1968,"All Races","2019 Dollars",62214000,"Top 5%",128191
1967,"All Races","2019 Dollars",60813000,"Lowest",20134
1967,"All Races","2019 Dollars",60813000,"Second",39261
1967,"All Races","2019 Dollars",60813000,"Third",55723
1967,"All Races","2019 Dollars",60813000,"Fourth",79461
1967,"All Races","2019 Dollars",60813000,"Top 5%",127513
2019,"Asian Alone","2019 Dollars",7334000,"Lowest",40200
2019,"Asian Alone","2019 Dollars",7334000,"Second",77000
2019,"Asian Alone","2019 Dollars",7334000,"Third",120508
2019,"Asian Alone","2019 Dollars",7334000,"Fourth",190330
2019,"Asian Alone","2019 Dollars",7334000,"Top 5%",356573
2018,"Asian Alone","2019 Dollars",7416000,"Lowest",34209
2018,"Asian Alone","2019 Dollars",7416000,"Second",68579
2018,"Asian Alone","2019 Dollars",7416000,"Third",109697
2018,"Asian Alone","2019 Dollars",7416000,"Fourth",178578
2018,"Asian Alone","2019 Dollars",7416000,"Top 5%",329508
2017,"Asian Alone","2019 Dollars",7114000,"Lowest",33374
2017,"Asian Alone","2019 Dollars",7114000,"Second",67273
2017,"Asian Alone","2019 Dollars",7114000,"Third",105754
2017,"Asian Alone","2019 Dollars",7114000,"Fourth",176315
2017,"Asian Alone","2019 Dollars",7114000,"Top 5%",323279
2016,"Asian Alone","2019 Dollars",6750000,"Lowest",33394
2016,"Asian Alone","2019 Dollars",6750000,"Second",69249
2016,"Asian Alone","2019 Dollars",6750000,"Third",106587
2016,"Asian Alone","2019 Dollars",6750000,"Fourth",170599
2016,"Asian Alone","2019 Dollars",6750000,"Top 5%",292240
2015,"Asian Alone","2019 Dollars",6640000,"Lowest",32373
2015,"Asian Alone","2019 Dollars",6640000,"Second",64746
2015,"Asian Alone","2019 Dollars",6640000,"Third",105303
2015,"Asian Alone","2019 Dollars",6640000,"Fourth",169698
2015,"Asian Alone","2019 Dollars",6640000,"Top 5%",302258
2014,"Asian Alone","2019 Dollars",6333000,"Lowest",31132
2014,"Asian Alone","2019 Dollars",6333000,"Second",63647
2014,"Asian Alone","2019 Dollars",6333000,"Third",101254
2014,"Asian Alone","2019 Dollars",6333000,"Fourth",158902
2014,"Asian Alone","2019 Dollars",6333000,"Top 5%",277267
2013,"Asian Alone","2019 Dollars",6160000,"Lowest",30999
2013,"Asian Alone","2019 Dollars",6160000,"Second",62809
2013,"Asian Alone","2019 Dollars",6160000,"Third",99099
2013,"Asian Alone","2019 Dollars",6160000,"Fourth",160658
2013,"Asian Alone","2019 Dollars",6160000,"Top 5%",285810
2012,"Asian Alone","2019 Dollars",5872000,"Lowest",31192
2012,"Asian Alone","2019 Dollars",5872000,"Second",60549
2012,"Asian Alone","2019 Dollars",5872000,"Third",94774
2012,"Asian Alone","2019 Dollars",5872000,"Fourth",152838
2012,"Asian Alone","2019 Dollars",5872000,"Top 5%",272197
2011,"Asian Alone","2019 Dollars",5705000,"Lowest",28482
2011,"Asian Alone","2019 Dollars",5705000,"Second",57010
2011,"Asian Alone","2019 Dollars",5705000,"Third",91480
2011,"Asian Alone","2019 Dollars",5705000,"Fourth",142909
2011,"Asian Alone","2019 Dollars",5705000,"Top 5%",255351
2010,"Asian Alone","2019 Dollars",5550000,"Lowest",28790
2010,"Asian Alone","2019 Dollars",5550000,"Second",58778
2010,"Asian Alone","2019 Dollars",5550000,"Third",94007
2010,"Asian Alone","2019 Dollars",5550000,"Fourth",152762
2010,"Asian Alone","2019 Dollars",5550000,"Top 5%",254135
2009,"Asian Alone","2019 Dollars",4940000,"Lowest",29862
2009,"Asian Alone","2019 Dollars",4940000,"Second",59726
2009,"Asian Alone","2019 Dollars",4940000,"Third",97947
2009,"Asian Alone","2019 Dollars",4940000,"Fourth",155927
2009,"Asian Alone","2019 Dollars",4940000,"Top 5%",278672
2008,"Asian Alone","2019 Dollars",4805000,"Lowest",28925
2008,"Asian Alone","2019 Dollars",4805000,"Second",59516
2008,"Asian Alone","2019 Dollars",4805000,"Third",97864
2008,"Asian Alone","2019 Dollars",4805000,"Fourth",153419
2008,"Asian Alone","2019 Dollars",4805000,"Top 5%",262145
2007,"Asian Alone","2019 Dollars",4715000,"Lowest",31297
2007,"Asian Alone","2019 Dollars",4715000,"Second",63508
2007,"Asian Alone","2019 Dollars",4715000,"Third",100430
2007,"Asian Alone","2019 Dollars",4715000,"Fourth",155495
2007,"Asian Alone","2019 Dollars",4715000,"Top 5%",260189
2006,"Asian Alone","2019 Dollars",4664000,"Lowest",33697
2006,"Asian Alone","2019 Dollars",4664000,"Second",63555
2006,"Asian Alone","2019 Dollars",4664000,"Third",101688
2006,"Asian Alone","2019 Dollars",4664000,"Fourth",159650
2006,"Asian Alone","2019 Dollars",4664000,"Top 5%",279668
2005,"Asian Alone","2019 Dollars",4500000,"Lowest",31495
2005,"Asian Alone","2019 Dollars",4500000,"Second",64907
2005,"Asian Alone","2019 Dollars",4500000,"Third",98819
2005,"Asian Alone","2019 Dollars",4500000,"Fourth",153408
2005,"Asian Alone","2019 Dollars",4500000,"Top 5%",278214
2004,"Asian Alone","2019 Dollars",4346000,"Lowest",32562
2004,"Asian Alone","2019 Dollars",4346000,"Second",63496
2004,"Asian Alone","2019 Dollars",4346000,"Third",96058
2004,"Asian Alone","2019 Dollars",4346000,"Fourth",149702
2004,"Asian Alone","2019 Dollars",4346000,"Top 5%",256381
2003,"Asian Alone","2019 Dollars",4235000,"Lowest",26475
2003,"Asian Alone","2019 Dollars",4235000,"Second",59460
2003,"Asian Alone","2019 Dollars",4235000,"Third",96864
2003,"Asian Alone","2019 Dollars",4235000,"Fourth",146871
2003,"Asian Alone","2019 Dollars",4235000,"Top 5%",239946
2002,"Asian Alone","2019 Dollars",4079000,"Lowest",31354
2002,"Asian Alone","2019 Dollars",4079000,"Second",58499
2002,"Asian Alone","2019 Dollars",4079000,"Third",92805
2002,"Asian Alone","2019 Dollars",4079000,"Fourth",144358
2002,"Asian Alone","2019 Dollars",4079000,"Top 5%",254900
2019,"Asian Alone","2019 Dollars",6853000,"Lowest",40002
2019,"Asian Alone","2019 Dollars",6853000,"Second",78000
2019,"Asian Alone","2019 Dollars",6853000,"Third",121131
2019,"Asian Alone","2019 Dollars",6853000,"Fourth",192400
2019,"Asian Alone","2019 Dollars",6853000,"Top 5%",359550
2018,"Asian Alone","2019 Dollars",6981000,"Lowest",34209
2018,"Asian Alone","2019 Dollars",6981000,"Second",69193
2018,"Asian Alone","2019 Dollars",6981000,"Third",110467
2018,"Asian Alone","2019 Dollars",6981000,"Fourth",180472
2018,"Asian Alone","2019 Dollars",6981000,"Top 5%",329508
2017,"Asian Alone","2019 Dollars",6735000,"Lowest",33374
2017,"Asian Alone","2019 Dollars",6735000,"Second",67793
2017,"Asian Alone","2019 Dollars",6735000,"Third",105979
2017,"Asian Alone","2019 Dollars",6735000,"Fourth",177358
2017,"Asian Alone","2019 Dollars",6735000,"Top 5%",320955
2016,"Asian Alone","2019 Dollars",6392000,"Lowest",33764
2016,"Asian Alone","2019 Dollars",6392000,"Second",69371
2016,"Asian Alone","2019 Dollars",6392000,"Third",106936
2016,"Asian Alone","2019 Dollars",6392000,"Fourth",173414
2016,"Asian Alone","2019 Dollars",6392000,"Top 5%",292986
2015,"Asian Alone","2019 Dollars",6328000,"Lowest",32373
2015,"Asian Alone","2019 Dollars",6328000,"Second",64749
2015,"Asian Alone","2019 Dollars",6328000,"Third",106667
2015,"Asian Alone","2019 Dollars",6328000,"Fourth",170618
2015,"Asian Alone","2019 Dollars",6328000,"Top 5%",302147
2014,"Asian Alone","2019 Dollars",6040000,"Lowest",30281
2014,"Asian Alone","2019 Dollars",6040000,"Second",62775
2014,"Asian Alone","2019 Dollars",6040000,"Third",102454
2014,"Asian Alone","2019 Dollars",6040000,"Fourth",159262
2014,"Asian Alone","2019 Dollars",6040000,"Top 5%",276727
2013,"Asian Alone","2019 Dollars",5818000,"Lowest",30870
2013,"Asian Alone","2019 Dollars",5818000,"Second",62933
2013,"Asian Alone","2019 Dollars",5818000,"Third",99759
2013,"Asian Alone","2019 Dollars",5818000,"Fourth",161808
2013,"Asian Alone","2019 Dollars",5818000,"Top 5%",288149
2012,"Asian Alone","2019 Dollars",5560000,"Lowest",30749
2012,"Asian Alone","2019 Dollars",5560000,"Second",60702
2012,"Asian Alone","2019 Dollars",5560000,"Third",94822
2012,"Asian Alone","2019 Dollars",5560000,"Fourth",153461
2012,"Asian Alone","2019 Dollars",5560000,"Top 5%",274082
2011,"Asian Alone","2019 Dollars",5374000,"Lowest",28621
2011,"Asian Alone","2019 Dollars",5374000,"Second",57138
2011,"Asian Alone","2019 Dollars",5374000,"Third",91636
2011,"Asian Alone","2019 Dollars",5374000,"Fourth",142626
2011,"Asian Alone","2019 Dollars",5374000,"Top 5%",254152
2010,"Asian Alone","2019 Dollars",5212000,"Lowest",28622
2010,"Asian Alone","2019 Dollars",5212000,"Second",58990
2010,"Asian Alone","2019 Dollars",5212000,"Third",95183
2010,"Asian Alone","2019 Dollars",5212000,"Fourth",154219
2010,"Asian Alone","2019 Dollars",5212000,"Top 5%",256170
2009,"Asian Alone","2019 Dollars",4687000,"Lowest",29862
2009,"Asian Alone","2019 Dollars",4687000,"Second",59956
2009,"Asian Alone","2019 Dollars",4687000,"Third",98150
2009,"Asian Alone","2019 Dollars",4687000,"Fourth",156477
2009,"Asian Alone","2019 Dollars",4687000,"Top 5%",279606
2008,"Asian Alone","2019 Dollars",4573000,"Lowest",28731
2008,"Asian Alone","2019 Dollars",4573000,"Second",59516
2008,"Asian Alone","2019 Dollars",4573000,"Third",98416
2008,"Asian Alone","2019 Dollars",4573000,"Fourth",154742
2008,"Asian Alone","2019 Dollars",4573000,"Top 5%",262106
2007,"Asian Alone","2019 Dollars",4494000,"Lowest",31287
2007,"Asian Alone","2019 Dollars",4494000,"Second",63533
2007,"Asian Alone","2019 Dollars",4494000,"Third",101356
2007,"Asian Alone","2019 Dollars",4494000,"Fourth",155495
2007,"Asian Alone","2019 Dollars",4494000,"Top 5%",260806
2006,"Asian Alone","2019 Dollars",4454000,"Lowest",33430
2006,"Asian Alone","2019 Dollars",4454000,"Second",63555
2006,"Asian Alone","2019 Dollars",4454000,"Third",101945
2006,"Asian Alone","2019 Dollars",4454000,"Fourth",160159
2006,"Asian Alone","2019 Dollars",4454000,"Top 5%",282730
2005,"Asian Alone","2019 Dollars",4273000,"Lowest",31495
2005,"Asian Alone","2019 Dollars",4273000,"Second",65302
2005,"Asian Alone","2019 Dollars",4273000,"Third",98685
2005,"Asian Alone","2019 Dollars",4273000,"Fourth",153582
2005,"Asian Alone","2019 Dollars",4273000,"Top 5%",285426
2004,"Asian Alone","2019 Dollars",4123000,"Lowest",32562
2004,"Asian Alone","2019 Dollars",4123000,"Second",63768
2004,"Asian Alone","2019 Dollars",4123000,"Third",96674
2004,"Asian Alone","2019 Dollars",4123000,"Fourth",150337
2004,"Asian Alone","2019 Dollars",4123000,"Top 5%",262823
2003,"Asian Alone","2019 Dollars",4040000,"Lowest",26001
2003,"Asian Alone","2019 Dollars",4040000,"Second",59889
2003,"Asian Alone","2019 Dollars",4040000,"Third",97539
2003,"Asian Alone","2019 Dollars",4040000,"Fourth",148733
2003,"Asian Alone","2019 Dollars",4040000,"Top 5%",242503
2002,"Asian Alone","2019 Dollars",3917000,"Lowest",31361
2002,"Asian Alone","2019 Dollars",3917000,"Second",58648
2002,"Asian Alone","2019 Dollars",3917000,"Third",93612
2002,"Asian Alone","2019 Dollars",3917000,"Fourth",145356
2002,"Asian Alone","2019 Dollars",3917000,"Top 5%",256628
2019,"Black Alone or in Combination","2019 Dollars",18055000,"Lowest",17401
2019,"Black Alone or in Combination","2019 Dollars",18055000,"Second",35000
2019,"Black Alone or in Combination","2019 Dollars",18055000,"Third",58469
2019,"Black Alone or in Combination","2019 Dollars",18055000,"Fourth",100000
2019,"Black Alone or in Combination","2019 Dollars",18055000,"Top 5%",198194
2018,"Black Alone or in Combination","2019 Dollars",18095000,"Lowest",15883
2018,"Black Alone or in Combination","2019 Dollars",18095000,"Second",32376
2018,"Black Alone or in Combination","2019 Dollars",18095000,"Third",53960
2018,"Black Alone or in Combination","2019 Dollars",18095000,"Fourth",91150
2018,"Black Alone or in Combination","2019 Dollars",18095000,"Top 5%",175228
2017,"Black Alone or in Combination","2019 Dollars",17801000,"Lowest",15644
2017,"Black Alone or in Combination","2019 Dollars",17801000,"Second",32524
2017,"Black Alone or in Combination","2019 Dollars",17801000,"Third",54233
2017,"Black Alone or in Combination","2019 Dollars",17801000,"Fourth",92164
2017,"Black Alone or in Combination","2019 Dollars",17801000,"Top 5%",173534
2016,"Black Alone or in Combination","2019 Dollars",17505000,"Lowest",15695
2016,"Black Alone or in Combination","2019 Dollars",17505000,"Second",31965
2016,"Black Alone or in Combination","2019 Dollars",17505000,"Third",53366
2016,"Black Alone or in Combination","2019 Dollars",17505000,"Fourth",90893
2016,"Black Alone or in Combination","2019 Dollars",17505000,"Top 5%",170056
2015,"Black Alone or in Combination","2019 Dollars",17322000,"Lowest",14892
2015,"Black Alone or in Combination","2019 Dollars",17322000,"Second",30862
2015,"Black Alone or in Combination","2019 Dollars",17322000,"Third",52585
2015,"Black Alone or in Combination","2019 Dollars",17322000,"Fourth",88103
2015,"Black Alone or in Combination","2019 Dollars",17322000,"Top 5%",162496
2014,"Black Alone or in Combination","2019 Dollars",17198000,"Lowest",14333
2014,"Black Alone or in Combination","2019 Dollars",17198000,"Second",29316
2014,"Black Alone or in Combination","2019 Dollars",17198000,"Third",48705
2014,"Black Alone or in Combination","2019 Dollars",17198000,"Fourth",84186
2014,"Black Alone or in Combination","2019 Dollars",17198000,"Top 5%",159983
2013,"Black Alone or in Combination","2019 Dollars",16723000,"Lowest",14546
2013,"Black Alone or in Combination","2019 Dollars",16723000,"Second",30011
2013,"Black Alone or in Combination","2019 Dollars",16723000,"Third",49467
2013,"Black Alone or in Combination","2019 Dollars",16723000,"Fourth",84644
2013,"Black Alone or in Combination","2019 Dollars",16723000,"Top 5%",164006
2012,"Black Alone or in Combination","2019 Dollars",16559000,"Lowest",14041
2012,"Black Alone or in Combination","2019 Dollars",16559000,"Second",27897
2012,"Black Alone or in Combination","2019 Dollars",16559000,"Third",48842
2012,"Black Alone or in Combination","2019 Dollars",16559000,"Fourth",82551
2012,"Black Alone or in Combination","2019 Dollars",16559000,"Top 5%",151495
2011,"Black Alone or in Combination","2019 Dollars",16165000,"Lowest",13670
2011,"Black Alone or in Combination","2019 Dollars",16165000,"Second",28172
2011,"Black Alone or in Combination","2019 Dollars",16165000,"Third",47846
2011,"Black Alone or in Combination","2019 Dollars",16165000,"Fourth",81853
2011,"Black Alone or in Combination","2019 Dollars",16165000,"Top 5%",152908
2010,"Black Alone or in Combination","2019 Dollars",15909000,"Lowest",13866
2010,"Black Alone or in Combination","2019 Dollars",15909000,"Second",29025
2010,"Black Alone or in Combination","2019 Dollars",15909000,"Third",48120
2010,"Black Alone or in Combination","2019 Dollars",15909000,"Fourth",82257
2010,"Black Alone or in Combination","2019 Dollars",15909000,"Top 5%",150812
2009,"Black Alone or in Combination","2019 Dollars",15212000,"Lowest",15302
2009,"Black Alone or in Combination","2019 Dollars",15212000,"Second",30101
2009,"Black Alone or in Combination","2019 Dollars",15212000,"Third",50168
2009,"Black Alone or in Combination","2019 Dollars",15212000,"Fourth",83750
2009,"Black Alone or in Combination","2019 Dollars",15212000,"Top 5%",150863
2008,"Black Alone or in Combination","2019 Dollars",15056000,"Lowest",15474
2008,"Black Alone or in Combination","2019 Dollars",15056000,"Second",31187
2008,"Black Alone or in Combination","2019 Dollars",15056000,"Third",50755
2008,"Black Alone or in Combination","2019 Dollars",15056000,"Fourth",84289
2008,"Black Alone or in Combination","2019 Dollars",15056000,"Top 5%",151844
2007,"Black Alone or in Combination","2019 Dollars",14976000,"Lowest",15480
2007,"Black Alone or in Combination","2019 Dollars",14976000,"Second",32137
2007,"Black Alone or in Combination","2019 Dollars",14976000,"Third",53156
2007,"Black Alone or in Combination","2019 Dollars",14976000,"Fourth",87759
2007,"Black Alone or in Combination","2019 Dollars",14976000,"Top 5%",156236
2006,"Black Alone or in Combination","2019 Dollars",14709000,"Lowest",15429
2006,"Black Alone or in Combination","2019 Dollars",14709000,"Second",31778
2006,"Black Alone or in Combination","2019 Dollars",14709000,"Third",51480
2006,"Black Alone or in Combination","2019 Dollars",14709000,"Fourth",85926
2006,"Black Alone or in Combination","2019 Dollars",14709000,"Top 5%",156930
2005,"Black Alone or in Combination","2019 Dollars",14399000,"Lowest",15294
2005,"Black Alone or in Combination","2019 Dollars",14399000,"Second",30301
2005,"Black Alone or in Combination","2019 Dollars",14399000,"Third",52419
2005,"Black Alone or in Combination","2019 Dollars",14399000,"Fourth",84377
2005,"Black Alone or in Combination","2019 Dollars",14399000,"Top 5%",154795
2004,"Black Alone or in Combination","2019 Dollars",14151000,"Lowest",14924
2004,"Black Alone or in Combination","2019 Dollars",14151000,"Second",31205
2004,"Black Alone or in Combination","2019 Dollars",14151000,"Third",50897
2004,"Black Alone or in Combination","2019 Dollars",14151000,"Fourth",85223
2004,"Black Alone or in Combination","2019 Dollars",14151000,"Top 5%",151848
2003,"Black Alone or in Combination","2019 Dollars",13969000,"Lowest",15328
2003,"Black Alone or in Combination","2019 Dollars",13969000,"Second",31617
2003,"Black Alone or in Combination","2019 Dollars",13969000,"Third",52950
2003,"Black Alone or in Combination","2019 Dollars",13969000,"Fourth",86146
2003,"Black Alone or in Combination","2019 Dollars",13969000,"Top 5%",152088
2002,"Black Alone or in Combination","2019 Dollars",13778000,"Lowest",15676
2002,"Black Alone or in Combination","2019 Dollars",13778000,"Second",31745
2002,"Black Alone or in Combination","2019 Dollars",13778000,"Third",51302
2002,"Black Alone or in Combination","2019 Dollars",13778000,"Fourth",86132
2002,"Black Alone or in Combination","2019 Dollars",13778000,"Top 5%",156756
2019,"Black Alone","2019 Dollars",17054000,"Lowest",17200
2019,"Black Alone","2019 Dollars",17054000,"Second",34800
2019,"Black Alone","2019 Dollars",17054000,"Third",57313
2019,"Black Alone","2019 Dollars",17054000,"Fourth",98336
2019,"Black Alone","2019 Dollars",17054000,"Top 5%",192500
2018,"Black Alone","2019 Dollars",17167000,"Lowest",15450
2018,"Black Alone","2019 Dollars",17167000,"Second",31969
2018,"Black Alone","2019 Dollars",17167000,"Third",53148
2018,"Black Alone","2019 Dollars",17167000,"Fourth",90409
2018,"Black Alone","2019 Dollars",17167000,"Top 5%",173653
2017,"Black Alone","2019 Dollars",16997000,"Lowest",15644
2017,"Black Alone","2019 Dollars",16997000,"Second",32331
2017,"Black Alone","2019 Dollars",16997000,"Third",53235
2017,"Black Alone","2019 Dollars",16997000,"Fourth",91388
2017,"Black Alone","2019 Dollars",16997000,"Top 5%",172734
2016,"Black Alone","2019 Dollars",16733000,"Lowest",15341
2016,"Black Alone","2019 Dollars",16733000,"Second",31961
2016,"Black Alone","2019 Dollars",16733000,"Third",53268
2016,"Black Alone","2019 Dollars",16733000,"Fourth",90556
2016,"Black Alone","2019 Dollars",16733000,"Top 5%",168330
2015,"Black Alone","2019 Dollars",16539000,"Lowest",14751
2015,"Black Alone","2019 Dollars",16539000,"Second",30380
2015,"Black Alone","2019 Dollars",16539000,"Third",51952
2015,"Black Alone","2019 Dollars",16539000,"Fourth",87409
2015,"Black Alone","2019 Dollars",16539000,"Top 5%",162176
2014,"Black Alone","2019 Dollars",16437000,"Lowest",14295
2014,"Black Alone","2019 Dollars",16437000,"Second",29186
2014,"Black Alone","2019 Dollars",16437000,"Third",48649
2014,"Black Alone","2019 Dollars",16437000,"Fourth",83358
2014,"Black Alone","2019 Dollars",16437000,"Top 5%",158845
2013,"Black Alone","2019 Dollars",16009000,"Lowest",14291
2013,"Black Alone","2019 Dollars",16009000,"Second",29460
2013,"Black Alone","2019 Dollars",16009000,"Third",48990
2013,"Black Alone","2019 Dollars",16009000,"Fourth",83114
2013,"Black Alone","2019 Dollars",16009000,"Top 5%",159231
2012,"Black Alone","2019 Dollars",15872000,"Lowest",13944
2012,"Black Alone","2019 Dollars",15872000,"Second",27889
2012,"Black Alone","2019 Dollars",15872000,"Third",48210
2012,"Black Alone","2019 Dollars",15872000,"Fourth",81436
2012,"Black Alone","2019 Dollars",15872000,"Top 5%",150469
2011,"Black Alone","2019 Dollars",15583000,"Lowest",13621
2011,"Black Alone","2019 Dollars",15583000,"Second",27891
2011,"Black Alone","2019 Dollars",15583000,"Third",47586
2011,"Black Alone","2019 Dollars",15583000,"Fourth",81317
2011,"Black Alone","2019 Dollars",15583000,"Top 5%",152082
2010,"Black Alone","2019 Dollars",15265000,"Lowest",13749
2010,"Black Alone","2019 Dollars",15265000,"Second",28786
2010,"Black Alone","2019 Dollars",15265000,"Third",47843
2010,"Black Alone","2019 Dollars",15265000,"Fourth",82257
2010,"Black Alone","2019 Dollars",15265000,"Top 5%",148126
2009,"Black Alone","2019 Dollars",14730000,"Lowest",15271
2009,"Black Alone","2019 Dollars",14730000,"Second",30001
2009,"Black Alone","2019 Dollars",14730000,"Third",50100
2009,"Black Alone","2019 Dollars",14730000,"Fourth",83621
2009,"Black Alone","2019 Dollars",14730000,"Top 5%",149310
2008,"Black Alone","2019 Dollars",14595000,"Lowest",15474
2008,"Black Alone","2019 Dollars",14595000,"Second",31016
2008,"Black Alone","2019 Dollars",14595000,"Third",50500
2008,"Black Alone","2019 Dollars",14595000,"Fourth",83682
2008,"Black Alone","2019 Dollars",14595000,"Top 5%",151607
2007,"Black Alone","2019 Dollars",14551000,"Lowest",15478
2007,"Black Alone","2019 Dollars",14551000,"Second",31964
2007,"Black Alone","2019 Dollars",14551000,"Third",53150
2007,"Black Alone","2019 Dollars",14551000,"Fourth",87265
2007,"Black Alone","2019 Dollars",14551000,"Top 5%",154862
2006,"Black Alone","2019 Dollars",14354000,"Lowest",15253
2006,"Black Alone","2019 Dollars",14354000,"Second",31778
2006,"Black Alone","2019 Dollars",14354000,"Third",51035
2006,"Black Alone","2019 Dollars",14354000,"Fourth",85418
2006,"Black Alone","2019 Dollars",14354000,"Top 5%",155696
2005,"Black Alone","2019 Dollars",14002000,"Lowest",15228
2005,"Black Alone","2019 Dollars",14002000,"Second",30238
2005,"Black Alone","2019 Dollars",14002000,"Third",51980
2005,"Black Alone","2019 Dollars",14002000,"Fourth",84001
2005,"Black Alone","2019 Dollars",14002000,"Top 5%",153802
2004,"Black Alone","2019 Dollars",13809000,"Lowest",14924
2004,"Black Alone","2019 Dollars",13809000,"Second",31204
2004,"Black Alone","2019 Dollars",13809000,"Third",50318
2004,"Black Alone","2019 Dollars",13809000,"Fourth",84904
2004,"Black Alone","2019 Dollars",13809000,"Top 5%",151582
2003,"Black Alone","2019 Dollars",13629000,"Lowest",15238
2003,"Black Alone","2019 Dollars",13629000,"Second",31463
2003,"Black Alone","2019 Dollars",13629000,"Third",52782
2003,"Black Alone","2019 Dollars",13629000,"Fourth",85695
2003,"Black Alone","2019 Dollars",13629000,"Top 5%",150833
2002,"Black Alone","2019 Dollars",13465000,"Lowest",15676
2002,"Black Alone","2019 Dollars",13465000,"Second",31425
2002,"Black Alone","2019 Dollars",13465000,"Third",51302
2002,"Black Alone","2019 Dollars",13465000,"Fourth",85734
2002,"Black Alone","2019 Dollars",13465000,"Top 5%",154841
2001,"Black Alone","2019 Dollars",13315000,"Lowest",16067
2001,"Black Alone","2019 Dollars",13315000,"Second",33003
2001,"Black Alone","2019 Dollars",13315000,"Third",53558
2001,"Black Alone","2019 Dollars",13315000,"Fourth",87018
2001,"Black Alone","2019 Dollars",13315000,"Top 5%",148576
2000,"Black Alone","2019 Dollars",13174000,"Lowest",17457
2000,"Black Alone","2019 Dollars",13174000,"Second",34227
2000,"Black Alone","2019 Dollars",13174000,"Third",55521
2000,"Black Alone","2019 Dollars",13174000,"Fourth",87835
2000,"Black Alone","2019 Dollars",13174000,"Top 5%",156872
1999,"Black Alone","2019 Dollars",12838000,"Lowest",16421
1999,"Black Alone","2019 Dollars",12838000,"Second",33474
1999,"Black Alone","2019 Dollars",12838000,"Third",55413
1999,"Black Alone","2019 Dollars",12838000,"Fourth",90846
1999,"Black Alone","2019 Dollars",12838000,"Top 5%",164700
1998,"Black Alone","2019 Dollars",12579000,"Lowest",14400
1998,"Black Alone","2019 Dollars",12579000,"Second",30065
1998,"Black Alone","2019 Dollars",12579000,"Third",50330
1998,"Black Alone","2019 Dollars",12579000,"Fourth",83644
1998,"Black Alone","2019 Dollars",12579000,"Top 5%",148383
1997,"Black Alone","2019 Dollars",12474000,"Lowest",14754
1997,"Black Alone","2019 Dollars",12474000,"Second",30273
1997,"Black Alone","2019 Dollars",12474000,"Third",49871
1997,"Black Alone","2019 Dollars",12474000,"Fourth",81445
1997,"Black Alone","2019 Dollars",12474000,"Top 5%",138937
1996,"Black Alone","2019 Dollars",12109000,"Lowest",14308
1996,"Black Alone","2019 Dollars",12109000,"Second",28844
1996,"Black Alone","2019 Dollars",12109000,"Third",48833
1996,"Black Alone","2019 Dollars",12109000,"Fourth",80577
1996,"Black Alone","2019 Dollars",12109000,"Top 5%",138359
1995,"Black Alone","2019 Dollars",11577000,"Lowest",14037
1995,"Black Alone","2019 Dollars",11577000,"Second",28242
1995,"Black Alone","2019 Dollars",11577000,"Third",47942
1995,"Black Alone","2019 Dollars",11577000,"Fourth",77365
1995,"Black Alone","2019 Dollars",11577000,"Top 5%",133406
1994,"Black Alone","2019 Dollars",11655000,"Lowest",12926
1994,"Black Alone","2019 Dollars",11655000,"Second",27033
1994,"Black Alone","2019 Dollars",11655000,"Third",45900
1994,"Black Alone","2019 Dollars",11655000,"Fourth",78285
1994,"Black Alone","2019 Dollars",11655000,"Top 5%",138220
1993,"Black Alone","2019 Dollars",11281000,"Lowest",12509
1993,"Black Alone","2019 Dollars",11281000,"Second",25455
1993,"Black Alone","2019 Dollars",11281000,"Third",43677
1993,"Black Alone","2019 Dollars",11281000,"Fourth",73378
1993,"Black Alone","2019 Dollars",11281000,"Top 5%",132006
1992,"Black Alone","2019 Dollars",11269000,"Lowest",11732
1992,"Black Alone","2019 Dollars",11269000,"Second",24661
1992,"Black Alone","2019 Dollars",11269000,"Third",43507
1992,"Black Alone","2019 Dollars",11269000,"Fourth",72165
1992,"Black Alone","2019 Dollars",11269000,"Top 5%",126083
1991,"Black Alone","2019 Dollars",11083000,"Lowest",12024
1991,"Black Alone","2019 Dollars",11083000,"Second",25634
1991,"Black Alone","2019 Dollars",11083000,"Third",44899
1991,"Black Alone","2019 Dollars",11083000,"Fourth",73587
1991,"Black Alone","2019 Dollars",11083000,"Top 5%",126013
1990,"Black Alone","2019 Dollars",10671000,"Lowest",12282
1990,"Black Alone","2019 Dollars",10671000,"Second",26125
1990,"Black Alone","2019 Dollars",10671000,"Third",45659
1990,"Black Alone","2019 Dollars",10671000,"Fourth",74387
1990,"Black Alone","2019 Dollars",10671000,"Top 5%",131775
1989,"Black Alone","2019 Dollars",10486000,"Lowest",12589
1989,"Black Alone","2019 Dollars",10486000,"Second",26511
1989,"Black Alone","2019 Dollars",10486000,"Third",45945
1989,"Black Alone","2019 Dollars",10486000,"Fourth",75859
1989,"Black Alone","2019 Dollars",10486000,"Top 5%",130957
1988,"Black Alone","2019 Dollars",10561000,"Lowest",12378
1988,"Black Alone","2019 Dollars",10561000,"Second",25003
1988,"Black Alone","2019 Dollars",10561000,"Third",44163
1988,"Black Alone","2019 Dollars",10561000,"Fourth",75152
1988,"Black Alone","2019 Dollars",10561000,"Top 5%",128452
1987,"Black Alone","2019 Dollars",10192000,"Lowest",12120
1987,"Black Alone","2019 Dollars",10192000,"Second",25042
1987,"Black Alone","2019 Dollars",10192000,"Third",43177
1987,"Black Alone","2019 Dollars",10192000,"Fourth",72254
1987,"Black Alone","2019 Dollars",10192000,"Top 5%",126294
1986,"Black Alone","2019 Dollars",9922000,"Lowest",11742
1986,"Black Alone","2019 Dollars",9922000,"Second",25120
1986,"Black Alone","2019 Dollars",9922000,"Third",43545
1986,"Black Alone","2019 Dollars",9922000,"Fourth",72131
1986,"Black Alone","2019 Dollars",9922000,"Top 5%",123271
1985,"Black Alone","2019 Dollars",9797000,"Lowest",12461
1985,"Black Alone","2019 Dollars",9797000,"Second",24994
1985,"Black Alone","2019 Dollars",9797000,"Third",42208
1985,"Black Alone","2019 Dollars",9797000,"Fourth",69817
1985,"Black Alone","2019 Dollars",9797000,"Top 5%",118153
1984,"Black Alone","2019 Dollars",9480000,"Lowest",12240
1984,"Black Alone","2019 Dollars",9480000,"Second",23925
1984,"Black Alone","2019 Dollars",9480000,"Third",40247
1984,"Black Alone","2019 Dollars",9480000,"Fourth",66259
1984,"Black Alone","2019 Dollars",9480000,"Top 5%",115347
1983,"Black Alone","2019 Dollars",9243000,"Lowest",11750
1983,"Black Alone","2019 Dollars",9243000,"Second",22913
1983,"Black Alone","2019 Dollars",9243000,"Third",39168
1983,"Black Alone","2019 Dollars",9243000,"Fourth",65582
1983,"Black Alone","2019 Dollars",9243000,"Top 5%",111163
1982,"Black Alone","2019 Dollars",8916000,"Lowest",11844
1982,"Black Alone","2019 Dollars",8916000,"Second",23522
1982,"Black Alone","2019 Dollars",8916000,"Third",39730
1982,"Black Alone","2019 Dollars",8916000,"Fourth",64018
1982,"Black Alone","2019 Dollars",8916000,"Top 5%",103429
1981,"Black Alone","2019 Dollars",8961000,"Lowest",12180
1981,"Black Alone","2019 Dollars",8961000,"Second",23169
1981,"Black Alone","2019 Dollars",8961000,"Third",38900
1981,"Black Alone","2019 Dollars",8961000,"Fourth",65123
1981,"Black Alone","2019 Dollars",8961000,"Top 5%",107049
1980,"Black Alone","2019 Dollars",8847000,"Lowest",12412
1980,"Black Alone","2019 Dollars",8847000,"Second",24201
1980,"Black Alone","2019 Dollars",8847000,"Third",39990
1980,"Black Alone","2019 Dollars",8847000,"Fourth",65418
1980,"Black Alone","2019 Dollars",8847000,"Top 5%",109603
1979,"Black Alone","2019 Dollars",8586000,"Lowest",13176
1979,"Black Alone","2019 Dollars",8586000,"Second",25390
1979,"Black Alone","2019 Dollars",8586000,"Third",41616
1979,"Black Alone","2019 Dollars",8586000,"Fourth",68844
1979,"Black Alone","2019 Dollars",8586000,"Top 5%",111336
1978,"Black Alone","2019 Dollars",8066000,"Lowest",13358
1978,"Black Alone","2019 Dollars",8066000,"Second",25562
1978,"Black Alone","2019 Dollars",8066000,"Third",43276
1978,"Black Alone","2019 Dollars",8066000,"Fourth",68408
1978,"Black Alone","2019 Dollars",8066000,"Top 5%",113599
1977,"Black Alone","2019 Dollars",7977000,"Lowest",13441
1977,"Black Alone","2019 Dollars",7977000,"Second",24663
1977,"Black Alone","2019 Dollars",7977000,"Third",40401
1977,"Black Alone","2019 Dollars",7977000,"Fourth",65373
1977,"Black Alone","2019 Dollars",7977000,"Top 5%",108303
1976,"Black Alone","2019 Dollars",7776000,"Lowest",13569
1976,"Black Alone","2019 Dollars",7776000,"Second",24581
1976,"Black Alone","2019 Dollars",7776000,"Third",40968
1976,"Black Alone","2019 Dollars",7776000,"Fourth",65550
1976,"Black Alone","2019 Dollars",7776000,"Top 5%",105617
1975,"Black Alone","2019 Dollars",7489000,"Lowest",13054
1975,"Black Alone","2019 Dollars",7489000,"Second",24262
1975,"Black Alone","2019 Dollars",7489000,"Third",40817
1975,"Black Alone","2019 Dollars",7489000,"Fourth",63862
1975,"Black Alone","2019 Dollars",7489000,"Top 5%",101209
1974,"Black Alone","2019 Dollars",7263000,"Lowest",13691
1974,"Black Alone","2019 Dollars",7263000,"Second",25600
1974,"Black Alone","2019 Dollars",7263000,"Third",40791
1974,"Black Alone","2019 Dollars",7263000,"Fourth",63297
1974,"Black Alone","2019 Dollars",7263000,"Top 5%",102007
1973,"Black Alone","2019 Dollars",7040000,"Lowest",14271
1973,"Black Alone","2019 Dollars",7040000,"Second",25850
1973,"Black Alone","2019 Dollars",7040000,"Third",41570
1973,"Black Alone","2019 Dollars",7040000,"Fourth",65784
1973,"Black Alone","2019 Dollars",7040000,"Top 5%",106106
1972,"Black Alone","2019 Dollars",6809000,"Lowest",13460
1972,"Black Alone","2019 Dollars",6809000,"Second",25275
1972,"Black Alone","2019 Dollars",6809000,"Third",40418
1972,"Black Alone","2019 Dollars",6809000,"Fourth",64668
1972,"Black Alone","2019 Dollars",6809000,"Top 5%",103031
1971,"Black Alone","2019 Dollars",6578000,"Lowest",12938
1971,"Black Alone","2019 Dollars",6578000,"Second",24436
1971,"Black Alone","2019 Dollars",6578000,"Third",39513
1971,"Black Alone","2019 Dollars",6578000,"Fourth",61188
1971,"Black Alone","2019 Dollars",6578000,"Top 5%",98217
1970,"Black Alone","2019 Dollars",6180000,"Lowest",12562
1970,"Black Alone","2019 Dollars",6180000,"Second",25236
1970,"Black Alone","2019 Dollars",6180000,"Third",40019
1970,"Black Alone","2019 Dollars",6180000,"Fourth",61890
1970,"Black Alone","2019 Dollars",6180000,"Top 5%",100447
1969,"Black Alone","2019 Dollars",6053000,"Lowest",12729
1969,"Black Alone","2019 Dollars",6053000,"Second",24939
1969,"Black Alone","2019 Dollars",6053000,"Third",39313
1969,"Black Alone","2019 Dollars",6053000,"Fourth",59869
1969,"Black Alone","2019 Dollars",6053000,"Top 5%",96518
1968,"Black Alone","2019 Dollars",5870000,"Lowest",12787
1968,"Black Alone","2019 Dollars",5870000,"Second",24017
1968,"Black Alone","2019 Dollars",5870000,"Third",37553
1968,"Black Alone","2019 Dollars",5870000,"Fourth",58122
1968,"Black Alone","2019 Dollars",5870000,"Top 5%",92995
1967,"Black Alone","2019 Dollars",5728000,"Lowest",11926
1967,"Black Alone","2019 Dollars",5728000,"Second",22147
1967,"Black Alone","2019 Dollars",5728000,"Third",35234
1967,"Black Alone","2019 Dollars",5728000,"Fourth",54227
1967,"Black Alone","2019 Dollars",5728000,"Top 5%",90400
2019,"Hispanic","2019 Dollars",17667000,"Lowest",25000
2019,"Hispanic","2019 Dollars",17667000,"Second",45000
2019,"Hispanic","2019 Dollars",17667000,"Third",69000
2019,"Hispanic","2019 Dollars",17667000,"Fourth",111100
2019,"Hispanic","2019 Dollars",17667000,"Top 5%",201511
2018,"Hispanic","2019 Dollars",17758000,"Lowest",22887
2018,"Hispanic","2019 Dollars",17758000,"Second",40759
2018,"Hispanic","2019 Dollars",17758000,"Third",64406
2018,"Hispanic","2019 Dollars",17758000,"Fourth",101834
2018,"Hispanic","2019 Dollars",17758000,"Top 5%",188778
2017,"Hispanic","2019 Dollars",17318000,"Lowest",22945
2017,"Hispanic","2019 Dollars",17318000,"Second",41717
2017,"Hispanic","2019 Dollars",17318000,"Third",65705
2017,"Hispanic","2019 Dollars",17318000,"Fourth",103318
2017,"Hispanic","2019 Dollars",17318000,"Top 5%",187741
2016,"Hispanic","2019 Dollars",16915000,"Lowest",22274
2016,"Hispanic","2019 Dollars",16915000,"Second",40958
2016,"Hispanic","2019 Dollars",16915000,"Third",63922
2016,"Hispanic","2019 Dollars",16915000,"Fourth",101252
2016,"Hispanic","2019 Dollars",16915000,"Top 5%",181160
2015,"Hispanic","2019 Dollars",16667000,"Lowest",21582
2015,"Hispanic","2019 Dollars",16667000,"Second",37769
2015,"Hispanic","2019 Dollars",16667000,"Third",60344
2015,"Hispanic","2019 Dollars",16667000,"Fourth",97128
2015,"Hispanic","2019 Dollars",16667000,"Top 5%",180902
2014,"Hispanic","2019 Dollars",16239000,"Lowest",20538
2014,"Hispanic","2019 Dollars",16239000,"Second",36753
2014,"Hispanic","2019 Dollars",16239000,"Third",57291
2014,"Hispanic","2019 Dollars",16239000,"Fourth",91882
2014,"Hispanic","2019 Dollars",16239000,"Top 5%",161872
2013,"Hispanic","2019 Dollars",16088000,"Lowest",19093
2013,"Hispanic","2019 Dollars",16088000,"Second",34298
2013,"Hispanic","2019 Dollars",16088000,"Third",54964
2013,"Hispanic","2019 Dollars",16088000,"Fourth",92075
2013,"Hispanic","2019 Dollars",16088000,"Top 5%",175588
2012,"Hispanic","2019 Dollars",15589000,"Lowest",18741
2012,"Hispanic","2019 Dollars",15589000,"Second",33913
2012,"Hispanic","2019 Dollars",15589000,"Third",54662
2012,"Hispanic","2019 Dollars",15589000,"Fourth",88129
2012,"Hispanic","2019 Dollars",15589000,"Top 5%",160640
2011,"Hispanic","2019 Dollars",14939000,"Lowest",19366
2011,"Hispanic","2019 Dollars",14939000,"Second",34510
2011,"Hispanic","2019 Dollars",14939000,"Third",53684
2011,"Hispanic","2019 Dollars",14939000,"Fourth",87212
2011,"Hispanic","2019 Dollars",14939000,"Top 5%",161615
2010,"Hispanic","2019 Dollars",14435000,"Lowest",18817
2010,"Hispanic","2019 Dollars",14435000,"Second",35253
2010,"Hispanic","2019 Dollars",14435000,"Third",55937
2010,"Hispanic","2019 Dollars",14435000,"Fourth",89331
2010,"Hispanic","2019 Dollars",14435000,"Top 5%",161726
2009,"Hispanic","2019 Dollars",13298000,"Lowest",20306
2009,"Hispanic","2019 Dollars",13298000,"Second",35834
2009,"Hispanic","2019 Dollars",13298000,"Third",57335
2009,"Hispanic","2019 Dollars",13298000,"Fourth",90828
2009,"Hispanic","2019 Dollars",13298000,"Top 5%",163353
2008,"Hispanic","2019 Dollars",13425000,"Lowest",20236
2008,"Hispanic","2019 Dollars",13425000,"Second",35769
2008,"Hispanic","2019 Dollars",13425000,"Third",55945
2008,"Hispanic","2019 Dollars",13425000,"Fourth",90465
2008,"Hispanic","2019 Dollars",13425000,"Top 5%",163751
2007,"Hispanic","2019 Dollars",13339000,"Lowest",21631
2007,"Hispanic","2019 Dollars",13339000,"Second",37437
2007,"Hispanic","2019 Dollars",13339000,"Third",59330
2007,"Hispanic","2019 Dollars",13339000,"Fourth",92704
2007,"Hispanic","2019 Dollars",13339000,"Top 5%",160810
2006,"Hispanic","2019 Dollars",12973000,"Lowest",21609
2006,"Hispanic","2019 Dollars",12973000,"Second",38133
2006,"Hispanic","2019 Dollars",12973000,"Third",58521
2006,"Hispanic","2019 Dollars",12973000,"Fourth",93070
2006,"Hispanic","2019 Dollars",12973000,"Top 5%",166006
2005,"Hispanic","2019 Dollars",12519000,"Lowest",21128
2005,"Hispanic","2019 Dollars",12519000,"Second",38057
2005,"Hispanic","2019 Dollars",12519000,"Third",57846
2005,"Hispanic","2019 Dollars",12519000,"Fourth",90540
2005,"Hispanic","2019 Dollars",12519000,"Top 5%",161961
2004,"Hispanic","2019 Dollars",12178000,"Lowest",21114
2004,"Hispanic","2019 Dollars",12178000,"Second",36632
2004,"Hispanic","2019 Dollars",12178000,"Third",56984
2004,"Hispanic","2019 Dollars",12178000,"Fourth",89546
2004,"Hispanic","2019 Dollars",12178000,"Top 5%",160480
2003,"Hispanic","2019 Dollars",11693000,"Lowest",21085
2003,"Hispanic","2019 Dollars",11693000,"Second",37622
2003,"Hispanic","2019 Dollars",11693000,"Third",56040
2003,"Hispanic","2019 Dollars",11693000,"Fourth",90572
2003,"Hispanic","2019 Dollars",11693000,"Top 5%",158921
2002,"Hispanic","2019 Dollars",11339000,"Lowest",21530
2002,"Hispanic","2019 Dollars",11339000,"Second",38249
2002,"Hispanic","2019 Dollars",11339000,"Third",58000
2002,"Hispanic","2019 Dollars",11339000,"Fourth",91346
2002,"Hispanic","2019 Dollars",11339000,"Top 5%",160513
2001,"Hispanic","2019 Dollars",10499000,"Lowest",22020
2001,"Hispanic","2019 Dollars",10499000,"Second",39083
2001,"Hispanic","2019 Dollars",10499000,"Third",59007
2001,"Hispanic","2019 Dollars",10499000,"Fourth",93293
2001,"Hispanic","2019 Dollars",10499000,"Top 5%",163219
2000,"Hispanic","2019 Dollars",10034000,"Lowest",22331
2000,"Hispanic","2019 Dollars",10034000,"Second",39943
2000,"Hispanic","2019 Dollars",10034000,"Third",60145
2000,"Hispanic","2019 Dollars",10034000,"Fourth",92501
2000,"Hispanic","2019 Dollars",10034000,"Top 5%",159294
1999,"Hispanic","2019 Dollars",9579000,"Lowest",21562
1999,"Hispanic","2019 Dollars",9579000,"Second",37946
1999,"Hispanic","2019 Dollars",9579000,"Third",57669
1999,"Hispanic","2019 Dollars",9579000,"Fourth",92355
1999,"Hispanic","2019 Dollars",9579000,"Top 5%",154400
1998,"Hispanic","2019 Dollars",9060000,"Lowest",18864
1998,"Hispanic","2019 Dollars",9060000,"Second",35371
1998,"Hispanic","2019 Dollars",9060000,"Third",54933
1998,"Hispanic","2019 Dollars",9060000,"Fourth",86461
1998,"Hispanic","2019 Dollars",9060000,"Top 5%",154055
1997,"Hispanic","2019 Dollars",8590000,"Lowest",17887
1997,"Hispanic","2019 Dollars",8590000,"Second",33460
1997,"Hispanic","2019 Dollars",8590000,"Third",52579
1997,"Hispanic","2019 Dollars",8590000,"Fourth",81890
1997,"Hispanic","2019 Dollars",8590000,"Top 5%",148360
1996,"Hispanic","2019 Dollars",8225000,"Lowest",17905
1996,"Hispanic","2019 Dollars",8225000,"Second",32230
1996,"Hispanic","2019 Dollars",8225000,"Third",50460
1996,"Hispanic","2019 Dollars",8225000,"Fourth",80672
1996,"Hispanic","2019 Dollars",8225000,"Top 5%",139987
1995,"Hispanic","2019 Dollars",7939000,"Lowest",16711
1995,"Hispanic","2019 Dollars",7939000,"Second",30180
1995,"Hispanic","2019 Dollars",7939000,"Third",48295
1995,"Hispanic","2019 Dollars",7939000,"Fourth",77372
1995,"Hispanic","2019 Dollars",7939000,"Top 5%",134190
1994,"Hispanic","2019 Dollars",7735000,"Lowest",16640
1994,"Hispanic","2019 Dollars",7735000,"Second",30976
1994,"Hispanic","2019 Dollars",7735000,"Third",49681
1994,"Hispanic","2019 Dollars",7735000,"Fourth",79513
1994,"Hispanic","2019 Dollars",7735000,"Top 5%",140760
1993,"Hispanic","2019 Dollars",7362000,"Lowest",17401
1993,"Hispanic","2019 Dollars",7362000,"Second",31448
1993,"Hispanic","2019 Dollars",7362000,"Third",49059
1993,"Hispanic","2019 Dollars",7362000,"Fourth",77410
1993,"Hispanic","2019 Dollars",7362000,"Top 5%",133653
1992,"Hispanic","2019 Dollars",7153000,"Lowest",17195
1992,"Hispanic","2019 Dollars",7153000,"Second",31882
1992,"Hispanic","2019 Dollars",7153000,"Third",49799
1992,"Hispanic","2019 Dollars",7153000,"Fourth",78309
1992,"Hispanic","2019 Dollars",7153000,"Top 5%",132814
1991,"Hispanic","2019 Dollars",6379000,"Lowest",17659
1991,"Hispanic","2019 Dollars",6379000,"Second",33042
1991,"Hispanic","2019 Dollars",6379000,"Third",51509
1991,"Hispanic","2019 Dollars",6379000,"Fourth",80275
1991,"Hispanic","2019 Dollars",6379000,"Top 5%",137677
1990,"Hispanic","2019 Dollars",6220000,"Lowest",18233
1990,"Hispanic","2019 Dollars",6220000,"Second",33293
1990,"Hispanic","2019 Dollars",6220000,"Third",51814
1990,"Hispanic","2019 Dollars",6220000,"Fourth",79904
1990,"Hispanic","2019 Dollars",6220000,"Top 5%",137378
1989,"Hispanic","2019 Dollars",5933000,"Lowest",18709
1989,"Hispanic","2019 Dollars",5933000,"Second",34939
1989,"Hispanic","2019 Dollars",5933000,"Third",54459
1989,"Hispanic","2019 Dollars",5933000,"Fourth",85130
1989,"Hispanic","2019 Dollars",5933000,"Top 5%",141736
1988,"Hispanic","2019 Dollars",5910000,"Lowest",17119
1988,"Hispanic","2019 Dollars",5910000,"Second",32920
1988,"Hispanic","2019 Dollars",5910000,"Third",52131
1988,"Hispanic","2019 Dollars",5910000,"Fourth",80959
1988,"Hispanic","2019 Dollars",5910000,"Top 5%",137828
1987,"Hispanic","2019 Dollars",5642000,"Lowest",16945
1987,"Hispanic","2019 Dollars",5642000,"Second",32382
1987,"Hispanic","2019 Dollars",5642000,"Third",50938
1987,"Hispanic","2019 Dollars",5642000,"Fourth",80283
1987,"Hispanic","2019 Dollars",5642000,"Top 5%",136732
1986,"Hispanic","2019 Dollars",5418000,"Lowest",17418
1986,"Hispanic","2019 Dollars",5418000,"Second",32065
1986,"Hispanic","2019 Dollars",5418000,"Third",51361
1986,"Hispanic","2019 Dollars",5418000,"Fourth",80391
1986,"Hispanic","2019 Dollars",5418000,"Top 5%",133126
1985,"Hispanic","2019 Dollars",5213000,"Lowest",16587
1985,"Hispanic","2019 Dollars",5213000,"Second",30674
1985,"Hispanic","2019 Dollars",5213000,"Third",49327
1985,"Hispanic","2019 Dollars",5213000,"Fourth",75891
1985,"Hispanic","2019 Dollars",5213000,"Top 5%",126560
1984,"Hispanic","2019 Dollars",4883000,"Lowest",16451
1984,"Hispanic","2019 Dollars",4883000,"Second",31154
1984,"Hispanic","2019 Dollars",4883000,"Third",50412
1984,"Hispanic","2019 Dollars",4883000,"Fourth",75610
1984,"Hispanic","2019 Dollars",4883000,"Top 5%",124426
1983,"Hispanic","2019 Dollars",4666000,"Lowest",15912
1983,"Hispanic","2019 Dollars",4666000,"Second",30497
1983,"Hispanic","2019 Dollars",4666000,"Third",47657
1983,"Hispanic","2019 Dollars",4666000,"Fourth",72654
1983,"Hispanic","2019 Dollars",4666000,"Top 5%",119714
1982,"Hispanic","2019 Dollars",4085000,"Lowest",16592
1982,"Hispanic","2019 Dollars",4085000,"Second",30631
1982,"Hispanic","2019 Dollars",4085000,"Third",47681
1982,"Hispanic","2019 Dollars",4085000,"Fourth",72747
1982,"Hispanic","2019 Dollars",4085000,"Top 5%",118183
1981,"Hispanic","2019 Dollars",3980000,"Lowest",18351
1981,"Hispanic","2019 Dollars",3980000,"Second",32521
1981,"Hispanic","2019 Dollars",3980000,"Third",50344
1981,"Hispanic","2019 Dollars",3980000,"Fourth",75046
1981,"Hispanic","2019 Dollars",3980000,"Top 5%",119863
1980,"Hispanic","2019 Dollars",3906000,"Lowest",18031
1980,"Hispanic","2019 Dollars",3906000,"Second",32140
1980,"Hispanic","2019 Dollars",3906000,"Third",49469
1980,"Hispanic","2019 Dollars",3906000,"Fourth",75016
1980,"Hispanic","2019 Dollars",3906000,"Top 5%",120119
1979,"Hispanic","2019 Dollars",3684000,"Lowest",19764
1979,"Hispanic","2019 Dollars",3684000,"Second",34718
1979,"Hispanic","2019 Dollars",3684000,"Third",52703
1979,"Hispanic","2019 Dollars",3684000,"Fourth",77079
1979,"Hispanic","2019 Dollars",3684000,"Top 5%",126011
1978,"Hispanic","2019 Dollars",3291000,"Lowest",19265
1978,"Hispanic","2019 Dollars",3291000,"Second",34981
1978,"Hispanic","2019 Dollars",3291000,"Third",51570
1978,"Hispanic","2019 Dollars",3291000,"Fourth",75949
1978,"Hispanic","2019 Dollars",3291000,"Top 5%",118468
1977,"Hispanic","2019 Dollars",3304000,"Lowest",19268
1977,"Hispanic","2019 Dollars",3304000,"Second",33153
1977,"Hispanic","2019 Dollars",3304000,"Third",48718
1977,"Hispanic","2019 Dollars",3304000,"Fourth",72884
1977,"Hispanic","2019 Dollars",3304000,"Top 5%",115308
1976,"Hispanic","2019 Dollars",3081000,"Lowest",17309
1976,"Hispanic","2019 Dollars",3081000,"Second",31353
1976,"Hispanic","2019 Dollars",3081000,"Third",47523
1976,"Hispanic","2019 Dollars",3081000,"Fourth",70466
1976,"Hispanic","2019 Dollars",3081000,"Top 5%",106940
1975,"Hispanic","2019 Dollars",2948000,"Lowest",17534
1975,"Hispanic","2019 Dollars",2948000,"Second",30588
1975,"Hispanic","2019 Dollars",2948000,"Third",46099
1975,"Hispanic","2019 Dollars",2948000,"Fourth",67588
1975,"Hispanic","2019 Dollars",2948000,"Top 5%",105125
1974,"Hispanic","2019 Dollars",2897000,"Lowest",19786
1974,"Hispanic","2019 Dollars",2897000,"Second",33402
1974,"Hispanic","2019 Dollars",2897000,"Third",49606
1974,"Hispanic","2019 Dollars",2897000,"Fourth",71151
1974,"Hispanic","2019 Dollars",2897000,"Top 5%",112528
1973,"Hispanic","2019 Dollars",2722000,"Lowest",20630
1973,"Hispanic","2019 Dollars",2722000,"Second",34659
1973,"Hispanic","2019 Dollars",2722000,"Third",50879
1973,"Hispanic","2019 Dollars",2722000,"Fourth",72809
1973,"Hispanic","2019 Dollars",2722000,"Top 5%",110887
1972,"Hispanic","2019 Dollars",2655000,"Lowest",20096
1972,"Hispanic","2019 Dollars",2655000,"Second",34006
1972,"Hispanic","2019 Dollars",2655000,"Third",48775
1972,"Hispanic","2019 Dollars",2655000,"Fourth",68176
1972,"Hispanic","2019 Dollars",2655000,"Top 5%",107963
2019,"White Alone","2019 Dollars",100568000,"Lowest",30666
2019,"White Alone","2019 Dollars",100568000,"Second",56702
2019,"White Alone","2019 Dollars",100568000,"Third",90447
2019,"White Alone","2019 Dollars",100568000,"Fourth",147112
2019,"White Alone","2019 Dollars",100568000,"Top 5%",276520
2018,"White Alone","2019 Dollars",100528000,"Lowest",28722
2018,"White Alone","2019 Dollars",100528000,"Second",53394
2018,"White Alone","2019 Dollars",100528000,"Third",84631
2018,"White Alone","2019 Dollars",100528000,"Fourth",136145
2018,"White Alone","2019 Dollars",100528000,"Top 5%",259924
2017,"White Alone","2019 Dollars",100065000,"Lowest",27605
2017,"White Alone","2019 Dollars",100065000,"Second",52183
2017,"White Alone","2019 Dollars",100065000,"Third",84493
2017,"White Alone","2019 Dollars",100065000,"Fourth",136435
2017,"White Alone","2019 Dollars",100065000,"Top 5%",252464
2016,"White Alone","2019 Dollars",99400000,"Lowest",27690
2016,"White Alone","2019 Dollars",99400000,"Second",51713
2016,"White Alone","2019 Dollars",99400000,"Third",82942
2016,"White Alone","2019 Dollars",99400000,"Fourth",133183
2016,"White Alone","2019 Dollars",99400000,"Top 5%",246112
2015,"White Alone","2019 Dollars",99313000,"Lowest",26978
2015,"White Alone","2019 Dollars",99313000,"Second",49972
2015,"White Alone","2019 Dollars",99313000,"Third",81243
2015,"White Alone","2019 Dollars",99313000,"Fourth",130032
2015,"White Alone","2019 Dollars",99313000,"Top 5%",235276
2014,"White Alone","2019 Dollars",98679000,"Lowest",25078
2014,"White Alone","2019 Dollars",98679000,"Second",47902
2014,"White Alone","2019 Dollars",98679000,"Third",77375
2014,"White Alone","2019 Dollars",98679000,"Fourth",125478
2014,"White Alone","2019 Dollars",98679000,"Top 5%",229049
2013,"White Alone","2019 Dollars",98807000,"Lowest",25151
2013,"White Alone","2019 Dollars",98807000,"Second",48368
2013,"White Alone","2019 Dollars",98807000,"Third",77991
2013,"White Alone","2019 Dollars",98807000,"Fourth",125268
2013,"White Alone","2019 Dollars",98807000,"Top 5%",229864
2012,"White Alone","2019 Dollars",97705000,"Lowest",25253
2012,"White Alone","2019 Dollars",97705000,"Second",46853
2012,"White Alone","2019 Dollars",97705000,"Third",75322
2012,"White Alone","2019 Dollars",97705000,"Fourth",120480
2012,"White Alone","2019 Dollars",97705000,"Top 5%",218989
2011,"White Alone","2019 Dollars",96964000,"Lowest",25474
2011,"White Alone","2019 Dollars",96964000,"Second",46707
2011,"White Alone","2019 Dollars",96964000,"Third",74514
2011,"White Alone","2019 Dollars",96964000,"Fourth",119833
2011,"White Alone","2019 Dollars",96964000,"Top 5%",218345
2010,"White Alone","2019 Dollars",96306000,"Lowest",25227
2010,"White Alone","2019 Dollars",96306000,"Second",47046
2010,"White Alone","2019 Dollars",96306000,"Third",76380
2010,"White Alone","2019 Dollars",96306000,"Fourth",121064
2010,"White Alone","2019 Dollars",96306000,"Top 5%",219245
2009,"White Alone","2019 Dollars",95489000,"Lowest",26517
2009,"White Alone","2019 Dollars",95489000,"Second",48536
2009,"White Alone","2019 Dollars",95489000,"Third",77253
2009,"White Alone","2019 Dollars",95489000,"Fourth",122745
2009,"White Alone","2019 Dollars",95489000,"Top 5%",219785
2008,"White Alone","2019 Dollars",95297000,"Lowest",26394
2008,"White Alone","2019 Dollars",95297000,"Second",48803
2008,"White Alone","2019 Dollars",95297000,"Third",78022
2008,"White Alone","2019 Dollars",95297000,"Fourth",122806
2008,"White Alone","2019 Dollars",95297000,"Top 5%",220263
2007,"White Alone","2019 Dollars",95112000,"Lowest",27261
2007,"White Alone","2019 Dollars",95112000,"Second",50678
2007,"White Alone","2019 Dollars",95112000,"Third",80343
2007,"White Alone","2019 Dollars",95112000,"Fourth",127005
2007,"White Alone","2019 Dollars",95112000,"Top 5%",225267
2006,"White Alone","2019 Dollars",94705000,"Lowest",27932
2006,"White Alone","2019 Dollars",94705000,"Second",50844
2006,"White Alone","2019 Dollars",94705000,"Third",79538
2006,"White Alone","2019 Dollars",94705000,"Fourth",127110
2006,"White Alone","2019 Dollars",94705000,"Top 5%",227275
2005,"White Alone","2019 Dollars",93588000,"Lowest",27065
2005,"White Alone","2019 Dollars",93588000,"Second",50050
2005,"White Alone","2019 Dollars",93588000,"Third",78776
2005,"White Alone","2019 Dollars",93588000,"Fourth",124651
2005,"White Alone","2019 Dollars",93588000,"Top 5%",224404
2004,"White Alone","2019 Dollars",92880000,"Lowest",27135
2004,"White Alone","2019 Dollars",92880000,"Second",49306
2004,"White Alone","2019 Dollars",92880000,"Third",78692
2004,"White Alone","2019 Dollars",92880000,"Fourth",123465
2004,"White Alone","2019 Dollars",92880000,"Top 5%",218508
2003,"White Alone","2019 Dollars",91962000,"Lowest",26993
2003,"White Alone","2019 Dollars",91962000,"Second",49926
2003,"White Alone","2019 Dollars",91962000,"Third",79271
2003,"White Alone","2019 Dollars",91962000,"Fourth",125407
2003,"White Alone","2019 Dollars",91962000,"Top 5%",221332
2002,"White Alone","2019 Dollars",91645000,"Lowest",27361
2002,"White Alone","2019 Dollars",91645000,"Second",50163
2002,"White Alone","2019 Dollars",91645000,"Third",79661
2002,"White Alone","2019 Dollars",91645000,"Fourth",123475
2002,"White Alone","2019 Dollars",91645000,"Top 5%",218222
2001,"White Alone","2019 Dollars",90682000,"Lowest",27635
2001,"White Alone","2019 Dollars",90682000,"Second",50688
2001,"White Alone","2019 Dollars",90682000,"Third",79896
2001,"White Alone","2019 Dollars",90682000,"Fourth",124377
2001,"White Alone","2019 Dollars",90682000,"Top 5%",224366
2000,"White Alone","2019 Dollars",90030000,"Lowest",28286
2000,"White Alone","2019 Dollars",90030000,"Second",52106
2000,"White Alone","2019 Dollars",90030000,"Third",80938
2000,"White Alone","2019 Dollars",90030000,"Fourth",125053
2000,"White Alone","2019 Dollars",90030000,"Top 5%",223310
1999,"White Alone","2019 Dollars",88893000,"Lowest",28217
1999,"White Alone","2019 Dollars",88893000,"Second",51726
1999,"White Alone","2019 Dollars",88893000,"Third",80518
1999,"White Alone","2019 Dollars",88893000,"Fourth",124679
1999,"White Alone","2019 Dollars",88893000,"Top 5%",224849
1998,"White Alone","2019 Dollars",87212000,"Lowest",27949
1998,"White Alone","2019 Dollars",87212000,"Second",50698
1998,"White Alone","2019 Dollars",87212000,"Third",79007
1998,"White Alone","2019 Dollars",87212000,"Fourth",121565
1998,"White Alone","2019 Dollars",87212000,"Top 5%",214388
1997,"White Alone","2019 Dollars",86106000,"Lowest",26643
1997,"White Alone","2019 Dollars",86106000,"Second",49010
1997,"White Alone","2019 Dollars",86106000,"Third",76670
1997,"White Alone","2019 Dollars",86106000,"Fourth",118237
1997,"White Alone","2019 Dollars",86106000,"Top 5%",207730
1996,"White Alone","2019 Dollars",85059000,"Lowest",26044
1996,"White Alone","2019 Dollars",85059000,"Second",47921
1996,"White Alone","2019 Dollars",85059000,"Third",74877
1996,"White Alone","2019 Dollars",85059000,"Fourth",114268
1996,"White Alone","2019 Dollars",85059000,"Top 5%",199639
1995,"White Alone","2019 Dollars",84511000,"Lowest",25869
1995,"White Alone","2019 Dollars",84511000,"Second",47553
1995,"White Alone","2019 Dollars",84511000,"Third",73362
1995,"White Alone","2019 Dollars",84511000,"Fourth",112190
1995,"White Alone","2019 Dollars",84511000,"Top 5%",195342
1994,"White Alone","2019 Dollars",83737000,"Lowest",25126
1994,"White Alone","2019 Dollars",83737000,"Second",46207
1994,"White Alone","2019 Dollars",83737000,"Third",71703
1994,"White Alone","2019 Dollars",83737000,"Fourth",111234
1994,"White Alone","2019 Dollars",83737000,"Top 5%",193523
1993,"White Alone","2019 Dollars",82387000,"Lowest",24956
1993,"White Alone","2019 Dollars",82387000,"Second",45685
1993,"White Alone","2019 Dollars",82387000,"Third",70758
1993,"White Alone","2019 Dollars",82387000,"Fourth",108760
1993,"White Alone","2019 Dollars",82387000,"Top 5%",187639
1992,"White Alone","2019 Dollars",81795000,"Lowest",25076
1992,"White Alone","2019 Dollars",81795000,"Second",46031
1992,"White Alone","2019 Dollars",81795000,"Third",71091
1992,"White Alone","2019 Dollars",81795000,"Fourth",107469
1992,"White Alone","2019 Dollars",81795000,"Top 5%",181481
1991,"White Alone","2019 Dollars",81675000,"Lowest",25509
1991,"White Alone","2019 Dollars",81675000,"Second",46325
1991,"White Alone","2019 Dollars",81675000,"Third",71232
1991,"White Alone","2019 Dollars",81675000,"Fourth",107458
1991,"White Alone","2019 Dollars",81675000,"Top 5%",181564
1990,"White Alone","2019 Dollars",80968000,"Lowest",26247
1990,"White Alone","2019 Dollars",80968000,"Second",47562
1990,"White Alone","2019 Dollars",80968000,"Third",71796
1990,"White Alone","2019 Dollars",80968000,"Fourth",108394
1990,"White Alone","2019 Dollars",80968000,"Top 5%",185111
1989,"White Alone","2019 Dollars",80163000,"Lowest",26397
1989,"White Alone","2019 Dollars",80163000,"Second",48697
1989,"White Alone","2019 Dollars",80163000,"Third",73863
1989,"White Alone","2019 Dollars",80163000,"Fourth",110209
1989,"White Alone","2019 Dollars",80163000,"Top 5%",187733
1988,"White Alone","2019 Dollars",79734000,"Lowest",26167
1988,"White Alone","2019 Dollars",79734000,"Second",47957
1988,"White Alone","2019 Dollars",79734000,"Third",72971
1988,"White Alone","2019 Dollars",79734000,"Fourth",108493
1988,"White Alone","2019 Dollars",79734000,"Top 5%",182729
1987,"White Alone","2019 Dollars",78519000,"Lowest",25906
1987,"White Alone","2019 Dollars",78519000,"Second",47494
1987,"White Alone","2019 Dollars",78519000,"Third",72105
1987,"White Alone","2019 Dollars",78519000,"Fourth",107931
1987,"White Alone","2019 Dollars",78519000,"Top 5%",178587
1986,"White Alone","2019 Dollars",77284000,"Lowest",25261
1986,"White Alone","2019 Dollars",77284000,"Second",46520
1986,"White Alone","2019 Dollars",77284000,"Third",71008
1986,"White Alone","2019 Dollars",77284000,"Fourth",105804
1986,"White Alone","2019 Dollars",77284000,"Top 5%",176571
1985,"White Alone","2019 Dollars",76576000,"Lowest",24540
1985,"White Alone","2019 Dollars",76576000,"Second",45371
1985,"White Alone","2019 Dollars",76576000,"Third",68370
1985,"White Alone","2019 Dollars",76576000,"Fourth",102248
1985,"White Alone","2019 Dollars",76576000,"Top 5%",168146
1984,"White Alone","2019 Dollars",75328000,"Lowest",24339
1984,"White Alone","2019 Dollars",75328000,"Second",44602
1984,"White Alone","2019 Dollars",75328000,"Third",67135
1984,"White Alone","2019 Dollars",75328000,"Fourth",99939
1984,"White Alone","2019 Dollars",75328000,"Top 5%",165124
1983,"White Alone","2019 Dollars",74170000,"Lowest",24228
1983,"White Alone","2019 Dollars",74170000,"Second",43437
1983,"White Alone","2019 Dollars",74170000,"Third",65224
1983,"White Alone","2019 Dollars",74170000,"Fourth",97498
1983,"White Alone","2019 Dollars",74170000,"Top 5%",160172
1982,"White Alone","2019 Dollars",73182000,"Lowest",23596
1982,"White Alone","2019 Dollars",73182000,"Second",43306
1982,"White Alone","2019 Dollars",73182000,"Third",64707
1982,"White Alone","2019 Dollars",73182000,"Fourth",95976
1982,"White Alone","2019 Dollars",73182000,"Top 5%",157216
1981,"White Alone","2019 Dollars",72845000,"Lowest",24146
1981,"White Alone","2019 Dollars",72845000,"Second",43307
1981,"White Alone","2019 Dollars",72845000,"Third",65515
1981,"White Alone","2019 Dollars",72845000,"Fourth",95627
1981,"White Alone","2019 Dollars",72845000,"Top 5%",153198
1980,"White Alone","2019 Dollars",71872000,"Lowest",24290
1980,"White Alone","2019 Dollars",71872000,"Second",44434
1980,"White Alone","2019 Dollars",71872000,"Third",66209
1980,"White Alone","2019 Dollars",71872000,"Fourth",95813
1980,"White Alone","2019 Dollars",71872000,"Top 5%",153944
1979,"White Alone","2019 Dollars",70766000,"Lowest",25034
1979,"White Alone","2019 Dollars",70766000,"Second",45635
1979,"White Alone","2019 Dollars",70766000,"Third",68234
1979,"White Alone","2019 Dollars",70766000,"Fourth",98160
1979,"White Alone","2019 Dollars",70766000,"Top 5%",158809
1978,"White Alone","2019 Dollars",68028000,"Lowest",24858
1978,"White Alone","2019 Dollars",68028000,"Second",45083
1978,"White Alone","2019 Dollars",68028000,"Third",68015
1978,"White Alone","2019 Dollars",68028000,"Fourth",97284
1978,"White Alone","2019 Dollars",68028000,"Top 5%",155364
1977,"White Alone","2019 Dollars",66934000,"Lowest",23812
1977,"White Alone","2019 Dollars",66934000,"Second",44317
1977,"White Alone","2019 Dollars",66934000,"Third",65704
1977,"White Alone","2019 Dollars",66934000,"Fourth",94903
1977,"White Alone","2019 Dollars",66934000,"Top 5%",151062
1976,"White Alone","2019 Dollars",65353000,"Lowest",24081
1976,"White Alone","2019 Dollars",65353000,"Second",43754
1976,"White Alone","2019 Dollars",65353000,"Third",65468
1976,"White Alone","2019 Dollars",65353000,"Fourth",92912
1976,"White Alone","2019 Dollars",65353000,"Top 5%",146163
1975,"White Alone","2019 Dollars",64392000,"Lowest",23361
1975,"White Alone","2019 Dollars",64392000,"Second",43256
1975,"White Alone","2019 Dollars",64392000,"Third",63775
1975,"White Alone","2019 Dollars",64392000,"Fourth",90984
1975,"White Alone","2019 Dollars",64392000,"Top 5%",142650
1974,"White Alone","2019 Dollars",62984000,"Lowest",24381
1974,"White Alone","2019 Dollars",62984000,"Second",45011
1974,"White Alone","2019 Dollars",62984000,"Third",65079
1974,"White Alone","2019 Dollars",62984000,"Fourth",93281
1974,"White Alone","2019 Dollars",62984000,"Top 5%",146788
1973,"White Alone","2019 Dollars",61965000,"Lowest",24426
1973,"White Alone","2019 Dollars",61965000,"Second",46402
1973,"White Alone","2019 Dollars",61965000,"Third",67048
1973,"White Alone","2019 Dollars",61965000,"Fourth",95466
1973,"White Alone","2019 Dollars",61965000,"Top 5%",153514
1972,"White Alone","2019 Dollars",60618000,"Lowest",24179
1972,"White Alone","2019 Dollars",60618000,"Second",45016
1972,"White Alone","2019 Dollars",60618000,"Third",65764
1972,"White Alone","2019 Dollars",60618000,"Fourth",93166
1972,"White Alone","2019 Dollars",60618000,"Top 5%",149066
1971,"White Alone","2019 Dollars",59463000,"Lowest",23233
1971,"White Alone","2019 Dollars",59463000,"Second",43441
1971,"White Alone","2019 Dollars",59463000,"Third",62159
1971,"White Alone","2019 Dollars",59463000,"Fourth",87921
1971,"White Alone","2019 Dollars",59463000,"Top 5%",140011
1970,"White Alone","2019 Dollars",57575000,"Lowest",23556
1970,"White Alone","2019 Dollars",57575000,"Second",44190
1970,"White Alone","2019 Dollars",57575000,"Third",62503
1970,"White Alone","2019 Dollars",57575000,"Fourth",88380
1970,"White Alone","2019 Dollars",57575000,"Top 5%",139676
1969,"White Alone","2019 Dollars",56248000,"Lowest",23882
1969,"White Alone","2019 Dollars",56248000,"Second",44797
1969,"White Alone","2019 Dollars",56248000,"Third",63016
1969,"White Alone","2019 Dollars",56248000,"Fourth",88060
1969,"White Alone","2019 Dollars",56248000,"Top 5%",138081
1968,"White Alone","2019 Dollars",55394000,"Lowest",23249
1968,"White Alone","2019 Dollars",55394000,"Second",43107
1968,"White Alone","2019 Dollars",55394000,"Third",60705
1968,"White Alone","2019 Dollars",55394000,"Fourth",83954
1968,"White Alone","2019 Dollars",55394000,"Top 5%",130451
1967,"White Alone","2019 Dollars",54188000,"Lowest",21637
1967,"White Alone","2019 Dollars",54188000,"Second",40925
1967,"White Alone","2019 Dollars",54188000,"Third",57831
1967,"White Alone","2019 Dollars",54188000,"Fourth",80669
1967,"White Alone","2019 Dollars",54188000,"Top 5%",130198
2019,"White, Not Hispanic","2019 Dollars",84868000,"Lowest",32040
2019,"White, Not Hispanic","2019 Dollars",84868000,"Second",59815
2019,"White, Not Hispanic","2019 Dollars",84868000,"Third",95172
2019,"White, Not Hispanic","2019 Dollars",84868000,"Fourth",153176
2019,"White, Not Hispanic","2019 Dollars",84868000,"Top 5%",289498
2018,"White, Not Hispanic","2019 Dollars",84727000,"Lowest",30544
2018,"White, Not Hispanic","2019 Dollars",84727000,"Second",56707
2018,"White, Not Hispanic","2019 Dollars",84727000,"Third",89342
2018,"White, Not Hispanic","2019 Dollars",84727000,"Fourth",142577
2018,"White, Not Hispanic","2019 Dollars",84727000,"Top 5%",270819
2017,"White, Not Hispanic","2019 Dollars",84681000,"Lowest",28858
2017,"White, Not Hispanic","2019 Dollars",84681000,"Second",54827
2017,"White, Not Hispanic","2019 Dollars",84681000,"Third",88641
2017,"White, Not Hispanic","2019 Dollars",84681000,"Fourth",142686
2017,"White, Not Hispanic","2019 Dollars",84681000,"Top 5%",261112
2016,"White, Not Hispanic","2019 Dollars",84387000,"Lowest",28788
2016,"White, Not Hispanic","2019 Dollars",84387000,"Second",53824
2016,"White, Not Hispanic","2019 Dollars",84387000,"Third",86355
2016,"White, Not Hispanic","2019 Dollars",84387000,"Fourth",138647
2016,"White, Not Hispanic","2019 Dollars",84387000,"Top 5%",255688
2015,"White, Not Hispanic","2019 Dollars",84445000,"Lowest",27921
2015,"White, Not Hispanic","2019 Dollars",84445000,"Second",53138
2015,"White, Not Hispanic","2019 Dollars",84445000,"Third",85806
2015,"White, Not Hispanic","2019 Dollars",84445000,"Fourth",135059
2015,"White, Not Hispanic","2019 Dollars",84445000,"Top 5%",242843
2014,"White, Not Hispanic","2019 Dollars",84228000,"Lowest",26473
2014,"White, Not Hispanic","2019 Dollars",84228000,"Second",50702
2014,"White, Not Hispanic","2019 Dollars",84228000,"Third",81119
2014,"White, Not Hispanic","2019 Dollars",84228000,"Fourth",131589
2014,"White, Not Hispanic","2019 Dollars",84228000,"Top 5%",238379
2013,"White, Not Hispanic","2019 Dollars",84432000,"Lowest",26418
2013,"White, Not Hispanic","2019 Dollars",84432000,"Second",51837
2013,"White, Not Hispanic","2019 Dollars",84432000,"Third",82108
2013,"White, Not Hispanic","2019 Dollars",84432000,"Fourth",130855
2013,"White, Not Hispanic","2019 Dollars",84432000,"Top 5%",238587
2012,"White, Not Hispanic","2019 Dollars",83792000,"Lowest",26773
2012,"White, Not Hispanic","2019 Dollars",83792000,"Second",49890
2012,"White, Not Hispanic","2019 Dollars",83792000,"Third",78908
2012,"White, Not Hispanic","2019 Dollars",83792000,"Fourth",125391
2012,"White, Not Hispanic","2019 Dollars",83792000,"Top 5%",225913
2011,"White, Not Hispanic","2019 Dollars",83573000,"Lowest",26813
2011,"White, Not Hispanic","2019 Dollars",83573000,"Second",49164
2011,"White, Not Hispanic","2019 Dollars",83573000,"Third",78649
2011,"White, Not Hispanic","2019 Dollars",83573000,"Fourth",125384
2011,"White, Not Hispanic","2019 Dollars",83573000,"Top 5%",227837
2010,"White, Not Hispanic","2019 Dollars",83314000,"Lowest",26557
2010,"White, Not Hispanic","2019 Dollars",83314000,"Second",49773
2010,"White, Not Hispanic","2019 Dollars",83314000,"Third",79925
2010,"White, Not Hispanic","2019 Dollars",83314000,"Fourth",125867
2010,"White, Not Hispanic","2019 Dollars",83314000,"Top 5%",226932
2009,"White, Not Hispanic","2019 Dollars",83158000,"Lowest",27903
2009,"White, Not Hispanic","2019 Dollars",83158000,"Second",51045
2009,"White, Not Hispanic","2019 Dollars",83158000,"Third",80338
2009,"White, Not Hispanic","2019 Dollars",83158000,"Fourth",126770
2009,"White, Not Hispanic","2019 Dollars",83158000,"Top 5%",226115
2008,"White, Not Hispanic","2019 Dollars",82884000,"Lowest",27814
2008,"White, Not Hispanic","2019 Dollars",82884000,"Second",51677
2008,"White, Not Hispanic","2019 Dollars",82884000,"Third",82213
2008,"White, Not Hispanic","2019 Dollars",82884000,"Fourth",127365
2008,"White, Not Hispanic","2019 Dollars",82884000,"Top 5%",228541
2007,"White, Not Hispanic","2019 Dollars",82765000,"Lowest",28522
2007,"White, Not Hispanic","2019 Dollars",82765000,"Second",53153
2007,"White, Not Hispanic","2019 Dollars",82765000,"Third",84114
2007,"White, Not Hispanic","2019 Dollars",82765000,"Fourth",131523
2007,"White, Not Hispanic","2019 Dollars",82765000,"Top 5%",233858
2006,"White, Not Hispanic","2019 Dollars",82675000,"Lowest",29144
2006,"White, Not Hispanic","2019 Dollars",82675000,"Second",52753
2006,"White, Not Hispanic","2019 Dollars",82675000,"Third",83003
2006,"White, Not Hispanic","2019 Dollars",82675000,"Fourth",130560
2006,"White, Not Hispanic","2019 Dollars",82675000,"Top 5%",234312
2005,"White, Not Hispanic","2019 Dollars",82003000,"Lowest",28314
2005,"White, Not Hispanic","2019 Dollars",82003000,"Second",52492
2005,"White, Not Hispanic","2019 Dollars",82003000,"Third",82249
2005,"White, Not Hispanic","2019 Dollars",82003000,"Fourth",129631
2005,"White, Not Hispanic","2019 Dollars",82003000,"Top 5%",232409
2004,"White, Not Hispanic","2019 Dollars",81628000,"Lowest",27710
2004,"White, Not Hispanic","2019 Dollars",81628000,"Second",51858
2004,"White, Not Hispanic","2019 Dollars",81628000,"Third",81860
2004,"White, Not Hispanic","2019 Dollars",81628000,"Fourth",127801
2004,"White, Not Hispanic","2019 Dollars",81628000,"Top 5%",225086
2003,"White, Not Hispanic","2019 Dollars",81148000,"Lowest",27879
2003,"White, Not Hispanic","2019 Dollars",81148000,"Second",52253
2003,"White, Not Hispanic","2019 Dollars",81148000,"Third",82845
2003,"White, Not Hispanic","2019 Dollars",81148000,"Fourth",129200
2003,"White, Not Hispanic","2019 Dollars",81148000,"Top 5%",228145
2002,"White, Not Hispanic","2019 Dollars",81166000,"Lowest",28501
2002,"White, Not Hispanic","2019 Dollars",81166000,"Second",52727
2002,"White, Not Hispanic","2019 Dollars",81166000,"Third",82739
2002,"White, Not Hispanic","2019 Dollars",81166000,"Fourth",127984
2002,"White, Not Hispanic","2019 Dollars",81166000,"Top 5%",224572
2001,"White, Not Hispanic","2019 Dollars",80818000,"Lowest",28791
2001,"White, Not Hispanic","2019 Dollars",80818000,"Second",52423
2001,"White, Not Hispanic","2019 Dollars",80818000,"Third",82733
2001,"White, Not Hispanic","2019 Dollars",80818000,"Fourth",128401
2001,"White, Not Hispanic","2019 Dollars",80818000,"Top 5%",230696
2000,"White, Not Hispanic","2019 Dollars",80527000,"Lowest",29477
2000,"White, Not Hispanic","2019 Dollars",80527000,"Second",53594
2000,"White, Not Hispanic","2019 Dollars",80527000,"Third",83601
2000,"White, Not Hispanic","2019 Dollars",80527000,"Fourth",128996
2000,"White, Not Hispanic","2019 Dollars",80527000,"Top 5%",228118
1999,"White, Not Hispanic","2019 Dollars",79819000,"Lowest",29430
1999,"White, Not Hispanic","2019 Dollars",79819000,"Second",53874
1999,"White, Not Hispanic","2019 Dollars",79819000,"Third",83735
1999,"White, Not Hispanic","2019 Dollars",79819000,"Fourth",128573
1999,"White, Not Hispanic","2019 Dollars",79819000,"Top 5%",231349
1998,"White, Not Hispanic","2019 Dollars",78577000,"Lowest",29100
1998,"White, Not Hispanic","2019 Dollars",78577000,"Second",53449
1998,"White, Not Hispanic","2019 Dollars",78577000,"Third",81862
1998,"White, Not Hispanic","2019 Dollars",78577000,"Fourth",125602
1998,"White, Not Hispanic","2019 Dollars",78577000,"Top 5%",220477
1997,"White, Not Hispanic","2019 Dollars",77936000,"Lowest",27915
1997,"White, Not Hispanic","2019 Dollars",77936000,"Second",51145
1997,"White, Not Hispanic","2019 Dollars",77936000,"Third",79691
1997,"White, Not Hispanic","2019 Dollars",77936000,"Fourth",121266
1997,"White, Not Hispanic","2019 Dollars",77936000,"Top 5%",212771
1996,"White, Not Hispanic","2019 Dollars",77240000,"Lowest",27265
1996,"White, Not Hispanic","2019 Dollars",77240000,"Second",49663
1996,"White, Not Hispanic","2019 Dollars",77240000,"Third",77385
1996,"White, Not Hispanic","2019 Dollars",77240000,"Fourth",117198
1996,"White, Not Hispanic","2019 Dollars",77240000,"Top 5%",203867
1995,"White, Not Hispanic","2019 Dollars",76932000,"Lowest",27261
1995,"White, Not Hispanic","2019 Dollars",76932000,"Second",50073
1995,"White, Not Hispanic","2019 Dollars",76932000,"Third",75701
1995,"White, Not Hispanic","2019 Dollars",76932000,"Fourth",115455
1995,"White, Not Hispanic","2019 Dollars",76932000,"Top 5%",200546
1994,"White, Not Hispanic","2019 Dollars",77004000,"Lowest",26013
1994,"White, Not Hispanic","2019 Dollars",77004000,"Second",47918
1994,"White, Not Hispanic","2019 Dollars",77004000,"Third",73657
1994,"White, Not Hispanic","2019 Dollars",77004000,"Fourth",113131
1994,"White, Not Hispanic","2019 Dollars",77004000,"Top 5%",197582
1993,"White, Not Hispanic","2019 Dollars",75697000,"Lowest",25971
1993,"White, Not Hispanic","2019 Dollars",75697000,"Second",47434
1993,"White, Not Hispanic","2019 Dollars",75697000,"Third",73029
1993,"White, Not Hispanic","2019 Dollars",75697000,"Fourth",111290
1993,"White, Not Hispanic","2019 Dollars",75697000,"Top 5%",191307
1992,"White, Not Hispanic","2019 Dollars",75107000,"Lowest",25972
1992,"White, Not Hispanic","2019 Dollars",75107000,"Second",47627
1992,"White, Not Hispanic","2019 Dollars",75107000,"Third",73061
1992,"White, Not Hispanic","2019 Dollars",75107000,"Fourth",109303
1992,"White, Not Hispanic","2019 Dollars",75107000,"Top 5%",184847
1991,"White, Not Hispanic","2019 Dollars",75625000,"Lowest",26214
1991,"White, Not Hispanic","2019 Dollars",75625000,"Second",47728
1991,"White, Not Hispanic","2019 Dollars",75625000,"Third",72877
1991,"White, Not Hispanic","2019 Dollars",75625000,"Fourth",109774
1991,"White, Not Hispanic","2019 Dollars",75625000,"Top 5%",183569
1990,"White, Not Hispanic","2019 Dollars",75035000,"Lowest",27158
1990,"White, Not Hispanic","2019 Dollars",75035000,"Second",48913
1990,"White, Not Hispanic","2019 Dollars",75035000,"Third",73580
1990,"White, Not Hispanic","2019 Dollars",75035000,"Fourth",110385
1990,"White, Not Hispanic","2019 Dollars",75035000,"Top 5%",188642
1989,"White, Not Hispanic","2019 Dollars",74495000,"Lowest",27457
1989,"White, Not Hispanic","2019 Dollars",74495000,"Second",49907
1989,"White, Not Hispanic","2019 Dollars",74495000,"Third",75268
1989,"White, Not Hispanic","2019 Dollars",74495000,"Fourth",112275
1989,"White, Not Hispanic","2019 Dollars",74495000,"Top 5%",190895
1988,"White, Not Hispanic","2019 Dollars",74067000,"Lowest",27086
1988,"White, Not Hispanic","2019 Dollars",74067000,"Second",49653
1988,"White, Not Hispanic","2019 Dollars",74067000,"Third",74542
1988,"White, Not Hispanic","2019 Dollars",74067000,"Fourth",110510
1988,"White, Not Hispanic","2019 Dollars",74067000,"Top 5%",185887
1987,"White, Not Hispanic","2019 Dollars",73120000,"Lowest",26554
1987,"White, Not Hispanic","2019 Dollars",73120000,"Second",48751
1987,"White, Not Hispanic","2019 Dollars",73120000,"Third",73832
1987,"White, Not Hispanic","2019 Dollars",73120000,"Fourth",109291
1987,"White, Not Hispanic","2019 Dollars",73120000,"Top 5%",181126
1986,"White, Not Hispanic","2019 Dollars",72067000,"Lowest",26208
1986,"White, Not Hispanic","2019 Dollars",72067000,"Second",47726
1986,"White, Not Hispanic","2019 Dollars",72067000,"Third",72142
1986,"White, Not Hispanic","2019 Dollars",72067000,"Fourth",107550
1986,"White, Not Hispanic","2019 Dollars",72067000,"Top 5%",179197
1985,"White, Not Hispanic","2019 Dollars",71540000,"Lowest",25312
1985,"White, Not Hispanic","2019 Dollars",71540000,"Second",46078
1985,"White, Not Hispanic","2019 Dollars",71540000,"Third",69710
1985,"White, Not Hispanic","2019 Dollars",71540000,"Fourth",103664
1985,"White, Not Hispanic","2019 Dollars",71540000,"Top 5%",170641
1984,"White, Not Hispanic","2019 Dollars",70586000,"Lowest",25128
1984,"White, Not Hispanic","2019 Dollars",70586000,"Second",45462
1984,"White, Not Hispanic","2019 Dollars",70586000,"Third",68320
1984,"White, Not Hispanic","2019 Dollars",70586000,"Fourth",101528
1984,"White, Not Hispanic","2019 Dollars",70586000,"Top 5%",167394
1983,"White, Not Hispanic","2019 Dollars",69648000,"Lowest",24676
1983,"White, Not Hispanic","2019 Dollars",69648000,"Second",44360
1983,"White, Not Hispanic","2019 Dollars",69648000,"Third",66453
1983,"White, Not Hispanic","2019 Dollars",69648000,"Fourth",98522
1983,"White, Not Hispanic","2019 Dollars",69648000,"Top 5%",162830
1982,"White, Not Hispanic","2019 Dollars",69214000,"Lowest",24300
1982,"White, Not Hispanic","2019 Dollars",69214000,"Second",44013
1982,"White, Not Hispanic","2019 Dollars",69214000,"Third",65896
1982,"White, Not Hispanic","2019 Dollars",69214000,"Fourth",97303
1982,"White, Not Hispanic","2019 Dollars",69214000,"Top 5%",158768
1981,"White, Not Hispanic","2019 Dollars",68996000,"Lowest",24422
1981,"White, Not Hispanic","2019 Dollars",68996000,"Second",43848
1981,"White, Not Hispanic","2019 Dollars",68996000,"Third",66530
1981,"White, Not Hispanic","2019 Dollars",68996000,"Fourth",96585
1981,"White, Not Hispanic","2019 Dollars",68996000,"Top 5%",154741
1980,"White, Not Hispanic","2019 Dollars",68106000,"Lowest",24832
1980,"White, Not Hispanic","2019 Dollars",68106000,"Second",44910
1980,"White, Not Hispanic","2019 Dollars",68106000,"Third",67373
1980,"White, Not Hispanic","2019 Dollars",68106000,"Fourth",97013
1980,"White, Not Hispanic","2019 Dollars",68106000,"Top 5%",154972
1979,"White, Not Hispanic","2019 Dollars",67203000,"Lowest",25410
1979,"White, Not Hispanic","2019 Dollars",67203000,"Second",46280
1979,"White, Not Hispanic","2019 Dollars",67203000,"Third",69173
1979,"White, Not Hispanic","2019 Dollars",67203000,"Fourth",98961
1979,"White, Not Hispanic","2019 Dollars",67203000,"Top 5%",160439
1978,"White, Not Hispanic","2019 Dollars",64836000,"Lowest",25244
1978,"White, Not Hispanic","2019 Dollars",64836000,"Second",45981
1978,"White, Not Hispanic","2019 Dollars",64836000,"Third",68700
1978,"White, Not Hispanic","2019 Dollars",64836000,"Fourth",98092
1978,"White, Not Hispanic","2019 Dollars",64836000,"Top 5%",157044
1977,"White, Not Hispanic","2019 Dollars",63721000,"Lowest",24278
1977,"White, Not Hispanic","2019 Dollars",63721000,"Second",45184
1977,"White, Not Hispanic","2019 Dollars",63721000,"Third",66691
1977,"White, Not Hispanic","2019 Dollars",63721000,"Fourth",96214
1977,"White, Not Hispanic","2019 Dollars",63721000,"Top 5%",152619
1976,"White, Not Hispanic","2019 Dollars",62365000,"Lowest",24548
1976,"White, Not Hispanic","2019 Dollars",62365000,"Second",44660
1976,"White, Not Hispanic","2019 Dollars",62365000,"Third",65984
1976,"White, Not Hispanic","2019 Dollars",62365000,"Fourth",94064
1976,"White, Not Hispanic","2019 Dollars",62365000,"Top 5%",147691
1975,"White, Not Hispanic","2019 Dollars",61533000,"Lowest",23725
1975,"White, Not Hispanic","2019 Dollars",61533000,"Second",43460
1975,"White, Not Hispanic","2019 Dollars",61533000,"Third",64841
1975,"White, Not Hispanic","2019 Dollars",61533000,"Fourth",91794
1975,"White, Not Hispanic","2019 Dollars",61533000,"Top 5%",144027
1974,"White, Not Hispanic","2019 Dollars",60164000,"Lowest",24737
1974,"White, Not Hispanic","2019 Dollars",60164000,"Second",45696
1974,"White, Not Hispanic","2019 Dollars",60164000,"Third",65716
1974,"White, Not Hispanic","2019 Dollars",60164000,"Fourth",93773
1974,"White, Not Hispanic","2019 Dollars",60164000,"Top 5%",148162
1973,"White, Not Hispanic","2019 Dollars",59276000,"Lowest",24736
1973,"White, Not Hispanic","2019 Dollars",59276000,"Second",46686
1973,"White, Not Hispanic","2019 Dollars",59276000,"Third",67775
1973,"White, Not Hispanic","2019 Dollars",59276000,"Fourth",96549
1973,"White, Not Hispanic","2019 Dollars",59276000,"Top 5%",154726
1972,"White, Not Hispanic","2019 Dollars",58004000,"Lowest",24585
1972,"White, Not Hispanic","2019 Dollars",58004000,"Second",45816
1972,"White, Not Hispanic","2019 Dollars",58004000,"Third",66301
1972,"White, Not Hispanic","2019 Dollars",58004000,"Fourth",93988
1972,"White, Not Hispanic","2019 Dollars",58004000,"Top 5%",150556
